Date,Value,Value_Classification,BTC_Closing,BTC_Volume
2/1/2018,30,Fear,9170.540039,9959400448
2/2/2018,15,Extreme Fear,8830.75,12726899712
2/3/2018,40,Fear,9174.910156,7263790080
2/4/2018,24,Extreme Fear,8277.009766,7073549824
2/5/2018,11,Extreme Fear,6955.27002,9285289984
2/6/2018,8,Extreme Fear,7754,13999800320
2/7/2018,36,Fear,7621.299805,9169280000
2/8/2018,30,Fear,8265.589844,9346750464
2/9/2018,44,Fear,8736.980469,6784820224
2/10/2018,54,Neutral,8621.900391,7780960256
2/11/2018,31,Fear,8129.970215,6122189824
2/12/2018,42,Fear,8926.570313,6256439808
2/13/2018,35,Fear,8598.30957,5696719872
2/14/2018,55,Greed,9494.629883,7909819904
2/15/2018,71,Greed,10166.40039,9062540288
2/16/2018,67,Greed,10233.90039,7296159744
2/17/2018,74,Greed,11112.7002,8660880384
2/18/2018,63,Greed,10551.7998,8744009728
2/19/2018,67,Greed,11225.2998,7652089856
2/20/2018,74,Greed,11403.7002,9926540288
2/21/2018,54,Neutral,10690.40039,9405339648
2/22/2018,44,Fear,10005,8040079872
2/23/2018,39,Fear,10301.09961,7739500032
2/24/2018,31,Fear,9813.070313,6917929984
2/25/2018,33,Fear,9664.730469,5706939904
2/26/2018,37,Fear,10366.7002,7287690240
2/27/2018,44,Fear,10725.59961,6966179840
2/28/2018,41,Fear,10397.90039,6936189952
3/1/2018,38,Fear,10951,7317279744
3/2/2018,47,Neutral,11086.40039,7620590080
3/3/2018,56,Greed,11489.7002,6690570240
3/4/2018,44,Fear,11512.59961,6084149760
3/5/2018,55,Greed,11573.2998,6468539904
3/6/2018,59,Greed,10779.90039,6832169984
3/7/2018,37,Fear,9965.570313,8797910016
3/8/2018,39,Fear,9395.009766,7186089984
3/9/2018,37,Fear,9337.549805,8704190464
3/10/2018,39,Fear,8866,5386319872
3/11/2018,40,Fear,9578.629883,6296370176
3/12/2018,41,Fear,9205.120117,6457399808
3/13/2018,41,Fear,9194.849609,5991139840
3/14/2018,40,Fear,8269.80957,6438230016
3/15/2018,32,Fear,8300.860352,6834429952
3/16/2018,33,Fear,8338.349609,5289379840
3/17/2018,31,Fear,7916.879883,4426149888
3/18/2018,29,Fear,8223.679688,6639190016
3/19/2018,29,Fear,8630.650391,6729110016
3/20/2018,37,Fear,8913.469727,6361789952
3/21/2018,36,Fear,8929.280273,6043129856
3/22/2018,36,Fear,8728.469727,5530390016
3/23/2018,28,Fear,8879.620117,5954120192
3/24/2018,32,Fear,8668.120117,5664600064
3/25/2018,30,Fear,8495.780273,4569880064
3/26/2018,31,Fear,8209.400391,5921039872
3/27/2018,24,Extreme Fear,7833.040039,5378250240
3/28/2018,24,Extreme Fear,7954.47998,4935289856
3/29/2018,18,Extreme Fear,7165.700195,6361229824
3/30/2018,12,Extreme Fear,6890.52002,6289509888
3/31/2018,16,Extreme Fear,6973.529785,4553269760
4/1/2018,16,Extreme Fear,6844.22998,4532100096
4/2/2018,11,Extreme Fear,7083.799805,4333440000
4/3/2018,22,Extreme Fear,7456.109863,5499700224
4/4/2018,22,Extreme Fear,6853.839844,4936000000
4/5/2018,17,Extreme Fear,6811.470215,5639320064
4/6/2018,19,Extreme Fear,6636.319824,3766810112
4/7/2018,20,Extreme Fear,6911.089844,3976610048
4/8/2018,17,Extreme Fear,7023.52002,3652499968
4/9/2018,21,Extreme Fear,6770.72998,4894060032
4/10/2018,18,Extreme Fear,6834.759766,4272750080
4/11/2018,20,Extreme Fear,6968.319824,4641889792
4/12/2018,18,Extreme Fear,7889.25,8906250240
4/13/2018,23,Extreme Fear,7895.959961,7764460032
4/14/2018,,,7986.240234,5191430144
4/15/2018,,,8329.110352,5244480000
4/16/2018,,,8058.669922,5631309824
4/17/2018,26,Fear,7902.089844,6900879872
4/18/2018,24,Extreme Fear,8163.419922,6529909760
4/19/2018,25,Extreme Fear,8294.30957,7063209984
4/20/2018,26,Fear,8845.830078,8438110208
4/21/2018,32,Fear,8895.580078,7548550144
4/22/2018,31,Fear,8802.459961,6629899776
4/23/2018,28,Fear,8930.879883,6925190144
4/24/2018,29,Fear,9697.5,10678800384
4/25/2018,64,Greed,8845.740234,11083100160
4/26/2018,47,Neutral,9281.509766,8970559488
4/27/2018,55,Greed,8987.049805,7566289920
4/28/2018,54,Neutral,9348.480469,7805479936
4/29/2018,61,Greed,9419.080078,8853000192
4/30/2018,59,Greed,9240.549805,8673920000
5/1/2018,56,Greed,9119.009766,7713019904
5/2/2018,52,Neutral,9235.919922,7558159872
5/3/2018,55,Greed,9743.860352,10207299584
5/4/2018,56,Greed,9700.759766,8217829888
5/5/2018,63,Greed,9858.150391,7651939840
5/6/2018,67,Greed,9654.799805,7222280192
5/7/2018,56,Greed,9373.009766,7394019840
5/8/2018,62,Greed,9234.820313,7415869952
5/9/2018,53,Neutral,9325.179688,7226890240
5/10/2018,63,Greed,9043.94043,6906699776
5/11/2018,41,Fear,8441.490234,8488520192
5/12/2018,44,Fear,8504.889648,6821380096
5/13/2018,40,Fear,8723.94043,5866379776
5/14/2018,40,Fear,8716.790039,7364149760
5/15/2018,40,Fear,8510.379883,6705710080
5/16/2018,32,Fear,8368.830078,6760220160
5/17/2018,31,Fear,8094.319824,5862530048
5/18/2018,37,Fear,8250.969727,5764190208
5/19/2018,31,Fear,8247.179688,4712399872
5/20/2018,32,Fear,8513.25,5191059968
5/21/2018,41,Fear,8418.990234,5154990080
5/22/2018,30,Fear,8041.779785,5137010176
5/23/2018,26,Fear,7557.819824,6491120128
5/24/2018,27,Fear,7587.339844,6049220096
5/25/2018,25,Extreme Fear,7480.140137,4867829760
5/26/2018,23,Extreme Fear,7355.879883,4051539968
5/27/2018,19,Extreme Fear,7368.220215,4056519936
5/28/2018,22,Extreme Fear,7135.990234,5040600064
5/29/2018,16,Extreme Fear,7472.589844,5662660096
5/30/2018,38,Fear,7406.52002,4922540032
5/31/2018,25,Extreme Fear,7494.169922,5127130112
6/1/2018,24,Extreme Fear,7541.450195,4921460224
6/2/2018,27,Fear,7643.450195,4939299840
6/3/2018,40,Fear,7720.25,4851760128
6/4/2018,41,Fear,7514.470215,4993169920
6/5/2018,26,Fear,7633.759766,4961739776
6/6/2018,42,Fear,7653.97998,4692259840
6/7/2018,38,Fear,7678.240234,4485799936
6/8/2018,40,Fear,7624.919922,4227579904
6/9/2018,39,Fear,7531.97998,3845220096
6/10/2018,24,Extreme Fear,6786.02002,5804839936
6/11/2018,15,Extreme Fear,6906.919922,4745269760
6/12/2018,19,Extreme Fear,6582.359863,4654380032
6/13/2018,19,Extreme Fear,6349.899902,5052349952
6/14/2018,17,Extreme Fear,6675.350098,5138710016
6/15/2018,26,Fear,6456.580078,3955389952
6/16/2018,22,Extreme Fear,6550.160156,3194170112
6/17/2018,23,Extreme Fear,6499.27002,3104019968
6/18/2018,27,Fear,6734.819824,4039200000
6/19/2018,32,Fear,6769.939941,4057029888
6/20/2018,34,Fear,6776.549805,3888640000
6/21/2018,37,Fear,6729.740234,3529129984
6/22/2018,28,Fear,6083.689941,5079810048
6/23/2018,17,Extreme Fear,6162.47998,3431360000
6/24/2018,15,Extreme Fear,6173.22998,4566909952
6/25/2018,16,Extreme Fear,6249.180176,5500810240
6/26/2018,21,Extreme Fear,6093.669922,3279759872
6/27/2018,18,Extreme Fear,6157.129883,3296219904
6/28/2018,20,Extreme Fear,5903.439941,3467800064
6/29/2018,16,Extreme Fear,6218.299805,3966230016
6/30/2018,22,Extreme Fear,6404,4543860224
7/1/2018,27,Fear,6385.819824,4788259840
7/2/2018,27,Fear,6614.180176,4396930048
7/3/2018,31,Fear,6529.589844,4672309760
7/4/2018,33,Fear,6597.549805,4176689920
7/5/2018,37,Fear,6639.140137,4999240192
7/6/2018,34,Fear,6673.5,4313959936
7/7/2018,34,Fear,6856.930176,3961080064
7/8/2018,38,Fear,6773.879883,3386210048
7/9/2018,39,Fear,6741.75,3718129920
7/10/2018,37,Fear,6329.950195,4052430080
7/11/2018,29,Fear,6394.709961,3644859904
7/12/2018,33,Fear,6228.810059,3770170112
7/13/2018,29,Fear,6238.049805,3805400064
7/14/2018,29,Fear,6276.120117,2923670016
7/15/2018,32,Fear,6359.640137,3285459968
7/16/2018,36,Fear,6741.75,4725799936
7/17/2018,39,Fear,7321.040039,5961950208
7/18/2018,42,Fear,7370.779785,6103410176
7/19/2018,44,Fear,7466.859863,5111629824
7/20/2018,47,Neutral,7354.129883,4936869888
7/21/2018,43,Fear,7419.290039,3726609920
7/22/2018,46,Fear,7418.490234,3695460096
7/23/2018,44,Fear,7711.109863,5132480000
7/24/2018,49,Neutral,8424.269531,7277689856
7/25/2018,54,Neutral,8181.390137,5845400064
7/26/2018,53,Neutral,7951.580078,4899089920
7/27/2018,47,Neutral,8165.009766,5195879936
7/28/2018,54,Neutral,8192.150391,3988750080
7/29/2018,54,Neutral,8218.459961,4107190016
7/30/2018,53,Neutral,8180.47998,5551400000
7/31/2018,48,Neutral,7780.439941,5287530000
8/1/2018,39,Fear,7624.910156,4797620000
8/2/2018,39,Fear,7567.149902,4214110000
8/3/2018,36,Fear,7434.390137,4627150000
8/4/2018,31,Fear,7032.850098,4268390000
8/5/2018,23,Extreme Fear,7068.47998,3679110000
8/6/2018,25,Extreme Fear,6951.799805,3925900000
8/7/2018,25,Extreme Fear,6753.120117,4682800000
8/8/2018,23,Extreme Fear,6305.799805,5064430000
8/9/2018,19,Extreme Fear,6568.22998,4267040000
8/10/2018,21,Extreme Fear,6184.709961,4528680000
8/11/2018,18,Extreme Fear,6295.72998,4047850000
8/12/2018,18,Extreme Fear,6322.689941,5665250000
8/13/2018,21,Extreme Fear,6297.569824,4083980000
8/14/2018,16,Extreme Fear,6199.709961,5301700000
8/15/2018,18,Extreme Fear,6308.52002,4895450000
8/16/2018,21,Extreme Fear,6334.72998,4328420000
8/17/2018,19,Extreme Fear,6580.629883,4992990000
8/18/2018,24,Extreme Fear,6423.759766,3984520000
8/19/2018,27,Fear,6506.069824,3311170000
8/20/2018,26,Fear,6308.529785,3665100000
8/21/2018,19,Extreme Fear,6488.759766,3377180000
8/22/2018,21,Extreme Fear,6376.709961,4668110000
8/23/2018,18,Extreme Fear,6534.879883,3426180000
8/24/2018,19,Extreme Fear,6719.959961,4097820000
8/25/2018,22,Extreme Fear,6763.189941,3312600000
8/26/2018,19,Extreme Fear,6707.259766,3295500000
8/27/2018,18,Extreme Fear,6884.640137,4019000000
8/28/2018,19,Extreme Fear,7096.279785,4659940000
8/29/2018,19,Extreme Fear,7047.160156,4145880000
8/30/2018,22,Extreme Fear,6978.22998,4463250000
8/31/2018,17,Extreme Fear,7037.580078,4495650000
9/1/2018,21,Extreme Fear,7193.25,4116050000
9/2/2018,18,Extreme Fear,7272.720215,4329540000
9/3/2018,19,Extreme Fear,7260.060059,4087760000
9/4/2018,26,Fear,7361.660156,4273640000
9/5/2018,17,Extreme Fear,6792.830078,5800460000
9/6/2018,14,Extreme Fear,6529.169922,5523470000
9/7/2018,17,Extreme Fear,6467.069824,4264680000
9/8/2018,18,Extreme Fear,6225.97998,3835060000
9/9/2018,13,Extreme Fear,6300.859863,3671890000
9/10/2018,15,Extreme Fear,6329.700195,3714100000
9/11/2018,18,Extreme Fear,6321.200195,3849910000
9/12/2018,14,Extreme Fear,6351.799805,4064230000
9/13/2018,20,Extreme Fear,6517.310059,4210910000
9/14/2018,23,Extreme Fear,6512.709961,4076220000
9/15/2018,24,Extreme Fear,6543.200195,3216300000
9/16/2018,28,Fear,6517.180176,3273730000
9/17/2018,25,Extreme Fear,6281.200195,3910780000
9/18/2018,21,Extreme Fear,6371.299805,4180090000
9/19/2018,24,Extreme Fear,6398.540039,4431340000
9/20/2018,24,Extreme Fear,6519.669922,4348110000
9/21/2018,31,Fear,6734.950195,6531940000
9/22/2018,35,Fear,6721.97998,4509660000
9/23/2018,38,Fear,6710.629883,4197500000
9/24/2018,43,Fear,6595.410156,4177310000
9/25/2018,37,Fear,6446.470215,4726180000
9/26/2018,37,Fear,6495,4437300000
9/27/2018,42,Fear,6676.75,4606810000
9/28/2018,42,Fear,6644.129883,5014430000
9/29/2018,37,Fear,6601.959961,4363690000
9/30/2018,34,Fear,6625.560059,4002280000
10/1/2018,35,Fear,6589.620117,4000970000
10/2/2018,33,Fear,6556.100098,3979260000
10/3/2018,36,Fear,6502.589844,3887310000
10/4/2018,29,Fear,6576.689941,3838410000
10/5/2018,37,Fear,6622.47998,3671500000
10/6/2018,34,Fear,6588.310059,3259740000
10/7/2018,29,Fear,6602.950195,3306630000
10/8/2018,26,Fear,6652.22998,3979460000
10/9/2018,31,Fear,6642.640137,3580810000
10/10/2018,28,Fear,6585.529785,3787650000
10/11/2018,19,Extreme Fear,6256.240234,5181640000
10/12/2018,13,Extreme Fear,6274.580078,3783500000
10/13/2018,15,Extreme Fear,6285.990234,3064030000
10/14/2018,18,Extreme Fear,6290.930176,3085320000
10/15/2018,20,Extreme Fear,6596.540039,7370770000
10/16/2018,24,Extreme Fear,6596.109863,4074800000
10/17/2018,23,Extreme Fear,6544.430176,4088420000
10/18/2018,26,Fear,6476.709961,3924080000
10/19/2018,24,Extreme Fear,6465.410156,3578870000
10/20/2018,21,Extreme Fear,6489.189941,3379130000
10/21/2018,21,Extreme Fear,6482.350098,3253610000
10/22/2018,27,Fear,6487.160156,3672860000
10/23/2018,24,Extreme Fear,6475.740234,3716150000
10/24/2018,23,Extreme Fear,6495.839844,3424670000
10/25/2018,25,Extreme Fear,6476.290039,3230550000
10/26/2018,29,Fear,6474.75,3306050000
10/27/2018,33,Fear,6480.379883,3393250000
10/28/2018,35,Fear,6486.390137,3445190000
10/29/2018,34,Fear,6332.629883,4199910000
10/30/2018,31,Fear,6334.27002,3781100000
10/31/2018,32,Fear,6317.609863,4191240000
11/1/2018,29,Fear,6377.779785,3789400000
11/2/2018,36,Fear,6388.439941,4234870000
11/3/2018,36,Fear,6361.259766,3658640000
11/4/2018,41,Fear,6376.129883,4390020000
11/5/2018,42,Fear,6419.660156,4174800000
11/6/2018,42,Fear,6461.009766,4700040000
11/7/2018,48,Neutral,6530.140137,4941260000
11/8/2018,51,Neutral,6453.720215,4665260000
11/9/2018,47,Neutral,6385.620117,4346820000
11/10/2018,52,Neutral,6409.220215,3705320000
11/11/2018,54,Neutral,6411.27002,3939060000
11/12/2018,52,Neutral,6371.27002,4295770000
11/13/2018,56,Greed,6359.490234,4503800000
11/14/2018,49,Neutral,5738.350098,7398940000
11/15/2018,28,Fear,5648.029785,7032140000
11/16/2018,23,Extreme Fear,5575.549805,5279320000
11/17/2018,24,Extreme Fear,5554.330078,4303150000
11/18/2018,26,Fear,5623.540039,4159680000
11/19/2018,28,Fear,4871.490234,7039560000
11/20/2018,21,Extreme Fear,4451.870117,8428290000
11/21/2018,15,Extreme Fear,4602.169922,6120120000
11/22/2018,14,Extreme Fear,4365.939941,4569370000
11/23/2018,12,Extreme Fear,4347.109863,4871490000
11/24/2018,15,Extreme Fear,3880.76001,4679500000
11/25/2018,9,Extreme Fear,4009.969971,6825640000
11/26/2018,17,Extreme Fear,3779.129883,6476900000
11/27/2018,11,Extreme Fear,3820.719971,5998720000
11/28/2018,14,Extreme Fear,4257.419922,7280280000
11/29/2018,18,Extreme Fear,4278.84668,6503347767
11/30/2018,19,Extreme Fear,4017.268555,6048016717
12/1/2018,13,Extreme Fear,4214.671875,5375314093
12/2/2018,15,Extreme Fear,4139.87793,5262697895
12/3/2018,17,Extreme Fear,3894.130859,5089570994
12/4/2018,12,Extreme Fear,3956.893799,5028069239
12/5/2018,19,Extreme Fear,3753.994873,5302481574
12/6/2018,13,Extreme Fear,3521.101807,5878333109
12/7/2018,11,Extreme Fear,3419.937256,6835615448
12/8/2018,11,Extreme Fear,3476.114746,5305024497
12/9/2018,14,Extreme Fear,3614.234375,4947372847
12/10/2018,19,Extreme Fear,3502.656006,5020968740
12/11/2018,15,Extreme Fear,3424.588135,4696765188
12/12/2018,14,Extreme Fear,3486.950195,4139364829
12/13/2018,14,Extreme Fear,3313.677246,4343372456
12/14/2018,10,Extreme Fear,3242.484863,4372763663
12/15/2018,11,Extreme Fear,3236.761719,3551763561
12/16/2018,13,Extreme Fear,3252.839111,3744248994
12/17/2018,17,Extreme Fear,3545.864746,5409247918
12/18/2018,23,Extreme Fear,3696.059082,5911325473
12/19/2018,21,Extreme Fear,3745.950684,6810689119
12/20/2018,27,Fear,4134.441406,8927129279
12/21/2018,35,Fear,3896.543701,7206015706
12/22/2018,28,Fear,4014.182617,5605823233
12/23/2018,31,Fear,3998.980225,6151275490
12/24/2018,25,Extreme Fear,4078.599121,7240968501
12/25/2018,33,Fear,3815.490723,6158207293
12/26/2018,26,Fear,3857.297607,5326547918
12/27/2018,29,Fear,3654.833496,5130222366
12/28/2018,21,Extreme Fear,3923.918701,5631554348
12/29/2018,24,Extreme Fear,3820.408691,4991655917
12/30/2018,23,Extreme Fear,3865.952637,4770578575
12/31/2018,26,Fear,3742.700439,4661840806
1/1/2019,24,Extreme Fear,3843.52002,4324200990
1/2/2019,30,Fear,3943.409424,5244856836
1/3/2019,33,Fear,3836.741211,4530215219
1/4/2019,48,Neutral,3857.717529,4847965467
1/5/2019,36,Fear,3845.19458,5137609824
1/6/2019,31,Fear,4076.632568,5597027440
1/7/2019,39,Fear,4025.248291,5228625637
1/8/2019,39,Fear,4030.8479,5306593305
1/9/2019,42,Fear,4035.296387,5115905225
1/10/2019,37,Fear,3678.924561,6874143796
1/11/2019,19,Extreme Fear,3687.365479,5538712865
1/12/2019,22,Extreme Fear,3661.301025,4778170883
1/13/2019,21,Extreme Fear,3552.953125,4681302466
1/14/2019,16,Extreme Fear,3706.052246,5651384490
1/15/2019,27,Fear,3630.675293,5537192302
1/16/2019,24,Extreme Fear,3655.006836,5394457145
1/17/2019,28,Fear,3678.563965,5464420383
1/18/2019,29,Fear,3657.839355,5002961727
1/19/2019,31,Fear,3728.568359,5955691380
1/20/2019,35,Fear,3601.013672,5582489560
1/21/2019,30,Fear,3576.032471,5004347059
1/22/2019,27,Fear,3604.577148,5313623556
1/23/2019,33,Fear,3585.123047,5433755649
1/24/2019,37,Fear,3600.865479,5262869046
1/25/2019,35,Fear,3599.765869,5265847539
1/26/2019,41,Fear,3602.460449,5098183235
1/27/2019,39,Fear,3583.96582,5570752966
1/28/2019,35,Fear,3470.450439,6908930483
1/29/2019,21,Extreme Fear,3448.116943,5897159493
1/30/2019,22,Extreme Fear,3486.181641,5955112627
1/31/2019,17,Extreme Fear,3457.792725,5831198271
2/1/2019,23,Extreme Fear,3487.945313,5422926707
2/2/2019,22,Extreme Fear,3521.060791,5071623601
2/3/2019,19,Extreme Fear,3464.013428,5043937584
2/4/2019,27,Fear,3459.154053,5332718886
2/5/2019,21,Extreme Fear,3466.357422,5227549545
2/6/2019,14,Extreme Fear,3413.767822,5482196038
2/7/2019,18,Extreme Fear,3399.47168,5004962683
2/8/2019,37,Fear,3666.780273,7735623101
2/9/2019,42,Fear,3671.203613,6158833645
2/10/2019,40,Fear,3690.188232,6282256903
2/11/2019,46,Fear,3648.430664,6277056434
2/12/2019,38,Fear,3653.528564,6480384532
2/13/2019,48,Neutral,3632.070557,6438903823
2/14/2019,48,Neutral,3616.880859,6271044418
2/15/2019,43,Fear,3620.810791,6091952231
2/16/2019,43,Fear,3629.787598,5934744052
2/17/2019,38,Fear,3673.836182,7039512503
2/18/2019,63,Greed,3915.714355,9908216640
2/19/2019,65,Greed,3947.094482,9933626655
2/20/2019,59,Greed,3999.820557,8693373948
2/21/2019,59,Greed,3954.118164,7775128102
2/22/2019,61,Greed,4005.526611,7826525254
2/23/2019,63,Greed,4142.526855,8922258316
2/24/2019,69,Greed,3810.42749,10794227451
2/25/2019,47,Neutral,3882.696289,9318796067
2/26/2019,40,Fear,3854.35791,7931218996
2/27/2019,39,Fear,3851.047363,8301309684
2/28/2019,39,Fear,3854.7854,8399767798
3/1/2019,42,Fear,3859.58374,7661247975
3/2/2019,41,Fear,3864.415039,7578786076
3/3/2019,44,Fear,3847.175781,7253558152
3/4/2019,36,Fear,3761.557129,9029175788
3/5/2019,35,Fear,3896.375,10174126415
3/6/2019,42,Fear,3903.942627,9175291529
3/7/2019,56,Greed,3911.484375,9584165519
3/8/2019,54,Neutral,3901.131592,10638638944
3/9/2019,55,Greed,3963.313721,10796103518
3/10/2019,55,Greed,3951.599854,9713267607
3/11/2019,56,Greed,3905.227295,10125901903
3/12/2019,56,Greed,3909.15625,9809887079
3/13/2019,54,Neutral,3906.717285,9469184841
3/14/2019,55,Greed,3924.369141,10480789570
3/15/2019,55,Greed,3960.911133,9394210605
3/16/2019,54,Neutral,4048.72583,9856166973
3/17/2019,58,Greed,4025.229004,8221625400
3/18/2019,56,Greed,4032.507324,9646954186
3/19/2019,56,Greed,4071.190186,9344919956
3/20/2019,55,Greed,4087.476318,10175916388
3/21/2019,62,Greed,4029.326904,10831212662
3/22/2019,56,Greed,4023.968262,9252935969
3/23/2019,50,Neutral,4035.826416,9578850549
3/24/2019,44,Fear,4022.168213,9144851065
3/25/2019,46,Fear,3963.070557,10359818883
3/26/2019,43,Fear,3985.080811,10707678815
3/27/2019,44,Fear,4087.066162,10897131934
3/28/2019,49,Neutral,4069.107178,9353915899
3/29/2019,50,Neutral,4098.374512,10918665557
3/30/2019,57,Greed,4106.660156,9732688060
3/31/2019,56,Greed,4105.404297,9045122443
4/1/2019,62,Greed,4158.183105,10157794171
4/2/2019,60,Greed,4879.87793,21315047816
4/3/2019,71,Greed,4973.021973,22899891582
4/4/2019,61,Greed,4922.798828,18251810240
4/5/2019,59,Greed,5036.681152,16837325387
4/6/2019,65,Greed,5059.817383,16929795194
4/7/2019,69,Greed,5198.896973,16655416140
4/8/2019,65,Greed,5289.770996,17154113634
4/9/2019,64,Greed,5204.958496,14722104361
4/10/2019,62,Greed,5324.551758,15504590933
4/11/2019,65,Greed,5064.487793,16555616019
4/12/2019,42,Fear,5089.539063,13675206312
4/13/2019,62,Greed,5096.586426,10823289598
4/14/2019,51,Neutral,5167.722168,10391952498
4/15/2019,60,Greed,5067.108398,12290155061
4/16/2019,50,Neutral,5235.55957,11618660197
4/17/2019,61,Greed,5251.937988,12438480677
4/18/2019,64,Greed,5298.385742,13256489918
4/19/2019,61,Greed,5303.8125,13780238655
4/20/2019,62,Greed,5337.88623,13169647522
4/21/2019,62,Greed,5314.53125,13731844223
4/22/2019,61,Greed,5399.365234,14601631648
4/23/2019,68,Greed,5572.362305,15867308108
4/24/2019,65,Greed,5464.866699,17048033399
4/25/2019,58,Greed,5210.515625,15330283408
4/26/2019,41,Fear,5279.348145,16812108040
4/27/2019,42,Fear,5268.291016,13111274675
4/28/2019,40,Fear,5285.13916,12819992056
4/29/2019,42,Fear,5247.352539,13735490672
4/30/2019,42,Fear,5350.726563,13878964574
5/1/2019,51,Neutral,5402.697266,13679528236
5/2/2019,50,Neutral,5505.283691,14644460907
5/3/2019,63,Greed,5768.289551,18720780006
5/4/2019,66,Greed,5831.16748,17567780766
5/5/2019,67,Greed,5795.708496,14808830723
5/6/2019,57,Greed,5746.807129,15737171804
5/7/2019,69,Greed,5829.501465,18026409033
5/8/2019,63,Greed,5982.45752,15320605300
5/9/2019,69,Greed,6174.528809,16784645411
5/10/2019,71,Greed,6378.849121,19419875368
5/11/2019,76,Extreme Greed,7204.771484,28867562329
5/12/2019,75,Greed,6972.371582,27773333680
5/13/2019,78,Extreme Greed,7814.915039,28677672181
5/14/2019,78,Extreme Greed,7994.416016,32031452227
5/15/2019,77,Extreme Greed,8205.167969,28344112920
5/16/2019,75,Greed,7884.90918,33167197581
5/17/2019,65,Greed,7343.895508,30066644905
5/18/2019,67,Greed,7271.208008,21354286562
5/19/2019,70,Greed,8197.689453,25902422040
5/20/2019,73,Greed,7978.309082,23843404340
5/21/2019,68,Greed,7963.327637,25127245056
5/22/2019,69,Greed,7680.066406,24719473175
5/23/2019,65,Greed,7881.84668,24457107820
5/24/2019,64,Greed,7987.371582,25919126991
5/25/2019,69,Greed,8052.543945,22256813107
5/26/2019,67,Greed,8673.21582,26677970091
5/27/2019,70,Greed,8805.77832,27949839564
5/28/2019,71,Greed,8719.961914,24226919267
5/29/2019,71,Greed,8659.487305,23473479966
5/30/2019,73,Greed,8319.472656,29246528551
5/31/2019,61,Greed,8574.501953,25365190957
6/1/2019,62,Greed,8564.016602,22488303544
6/2/2019,63,Greed,8742.958008,20266216022
6/3/2019,66,Greed,8208.995117,22004511436
6/4/2019,42,Fear,7707.770996,24609731549
6/5/2019,27,Fear,7824.231445,21760923463
6/6/2019,34,Fear,7822.023438,19474611077
6/7/2019,27,Fear,8043.951172,19141423231
6/8/2019,62,Greed,7954.12793,16522722810
6/9/2019,62,Greed,7688.077148,16610726547
6/10/2019,46,Fear,8000.32959,18689275117
6/11/2019,61,Greed,7927.714355,17107279932
6/12/2019,60,Greed,8145.857422,19034432883
6/13/2019,63,Greed,8230.923828,18669407147
6/14/2019,67,Greed,8693.833008,19831162906
6/15/2019,75,Greed,8838.375,18371033226
6/16/2019,80,Extreme Greed,8994.488281,23348550311
6/17/2019,84,Extreme Greed,9320.352539,15562951919
6/18/2019,83,Extreme Greed,9081.762695,15848210536
6/19/2019,82,Extreme Greed,9273.521484,15546809946
6/20/2019,81,Extreme Greed,9527.160156,17846823784
6/21/2019,84,Extreme Greed,10144.55664,20624008643
6/22/2019,83,Extreme Greed,10701.69141,29995204861
6/23/2019,84,Extreme Greed,10855.37109,20998326502
6/24/2019,80,Extreme Greed,11011.10254,19271652365
6/25/2019,87,Extreme Greed,11790.91699,24879684533
6/26/2019,95,Extreme Greed,13016.23145,45105733173
6/27/2019,92,Extreme Greed,11182.80664,39977475223
6/28/2019,62,Greed,12407.33203,35087757766
6/29/2019,74,Greed,11959.37109,29923961128
6/30/2019,78,Extreme Greed,10817.15527,27256473494
7/1/2019,65,Greed,10583.13477,29378589324
7/2/2019,63,Greed,10801.67773,31015895223
7/3/2019,79,Extreme Greed,11961.26953,30796494294
7/4/2019,76,Extreme Greed,11215.4375,25920294033
7/5/2019,67,Greed,10978.45996,23838480210
7/6/2019,72,Greed,11208.55078,21092024306
7/7/2019,67,Greed,11450.84668,19369044277
7/8/2019,74,Greed,12285.95801,23482551458
7/9/2019,84,Extreme Greed,12573.8125,28167921523
7/10/2019,83,Extreme Greed,12156.5127,33627574244
7/11/2019,62,Greed,11358.66211,28595327690
7/12/2019,33,Fear,11815.98633,23534692797
7/13/2019,65,Greed,11392.37891,21042616384
7/14/2019,61,Greed,10256.05859,22486000001
7/15/2019,16,Extreme Fear,10895.08984,25384047207
7/16/2019,34,Fear,9477.641602,24151199070
7/17/2019,19,Extreme Fear,9693.802734,24569921549
7/18/2019,40,Fear,10666.48242,25187024648
7/19/2019,42,Fear,10530.73242,20727426310
7/20/2019,34,Fear,10767.13965,20206615155
7/21/2019,42,Fear,10599.10547,17130580467
7/22/2019,42,Fear,10343.10645,16334414913
7/23/2019,40,Fear,9900.767578,17851916995
7/24/2019,20,Extreme Fear,9811.925781,17398734322
7/25/2019,42,Fear,9911.841797,15821952090
7/26/2019,24,Extreme Fear,9870.303711,14495714483
7/27/2019,47,Neutral,9477.677734,16817809536
7/28/2019,16,Extreme Fear,9552.860352,13738687093
7/29/2019,19,Extreme Fear,9519.145508,13791445323
7/30/2019,22,Extreme Fear,9607.423828,13829811132
7/31/2019,31,Fear,10085.62793,16631520648
8/1/2019,57,Greed,10399.66895,17165337858
8/2/2019,61,Greed,10518.1748,17489094082
8/3/2019,61,Greed,10821.72656,15352685061
8/4/2019,62,Greed,10970.18457,16530894787
8/5/2019,64,Greed,11805.65332,23875988832
8/6/2019,66,Greed,11478.16895,23635107660
8/7/2019,45,Fear,11941.96875,22194988641
8/8/2019,61,Greed,11966.40723,19481591730
8/9/2019,60,Greed,11862.93652,18339989960
8/10/2019,59,Greed,11354.02441,18125355447
8/11/2019,45,Fear,11523.5791,15774371518
8/12/2019,48,Neutral,11382.61621,13647198229
8/13/2019,45,Fear,10895.83008,16681503537
8/14/2019,11,Extreme Fear,10051.7041,19990838300
8/15/2019,13,Extreme Fear,10311.5459,22899115082
8/16/2019,31,Fear,10374.33887,20228207096
8/17/2019,20,Extreme Fear,10231.74414,13778035685
8/18/2019,14,Extreme Fear,10345.81055,12999813869
8/19/2019,30,Fear,10916.05371,16038264603
8/20/2019,39,Fear,10763.23242,15053082175
8/21/2019,11,Extreme Fear,10138.0498,19473084768
8/22/2019,5,Extreme Fear,10131.05566,17097508856
8/23/2019,33,Fear,10407.96484,15627023886
8/24/2019,39,Fear,10159.96094,15451030650
8/25/2019,33,Fear,10138.51758,14153856610
8/26/2019,41,Fear,10370.82031,18438654080
8/27/2019,30,Fear,10185.5,14762609503
8/28/2019,32,Fear,9754.422852,17603790323
8/29/2019,20,Extreme Fear,9510.200195,17045878501
8/30/2019,24,Extreme Fear,9598.173828,13595263986
8/31/2019,20,Extreme Fear,9630.664063,11454806419
9/1/2019,24,Extreme Fear,9757.970703,11445355859
9/2/2019,28,Fear,10346.76074,17248102294
9/3/2019,41,Fear,10623.54004,19384917989
9/4/2019,43,Fear,10594.49316,16742664769
9/5/2019,41,Fear,10575.5332,14551239508
9/6/2019,43,Fear,10353.30273,19536574783
9/7/2019,39,Fear,10517.25488,15307366476
9/8/2019,43,Fear,10441.27637,13670567493
9/9/2019,41,Fear,10334.97461,17595943368
9/10/2019,41,Fear,10115.97559,14906809639
9/11/2019,38,Fear,10178.37207,15428063426
9/12/2019,39,Fear,10410.12695,15323563925
9/13/2019,38,Fear,10360.54688,14109864675
9/14/2019,39,Fear,10358.04883,13468713124
9/15/2019,38,Fear,10347.71289,12043433567
9/16/2019,38,Fear,10276.79395,15160167779
9/17/2019,41,Fear,10241.27246,15304603363
9/18/2019,38,Fear,10198.24805,16169268880
9/19/2019,31,Fear,10266.41504,19937691247
9/20/2019,41,Fear,10181.6416,14734189639
9/21/2019,37,Fear,10019.7168,13425266806
9/22/2019,37,Fear,10070.39258,13199651698
9/23/2019,41,Fear,9729.324219,15144925408
9/24/2019,39,Fear,8620.566406,25002886689
9/25/2019,15,Extreme Fear,8486.993164,21744728353
9/26/2019,12,Extreme Fear,8118.967773,19258205289
9/27/2019,24,Extreme Fear,8251.845703,16408941156
9/28/2019,32,Fear,8245.915039,14141152736
9/29/2019,33,Fear,8104.185547,13034629109
9/30/2019,27,Fear,8293.868164,17115474183
10/1/2019,38,Fear,8343.276367,15305343413
10/2/2019,39,Fear,8393.041992,13125712443
10/3/2019,37,Fear,8259.992188,13668823409
10/4/2019,30,Fear,8205.939453,13139456229
10/5/2019,31,Fear,8151.500488,12200497197
10/6/2019,32,Fear,7988.155762,13160830305
10/7/2019,27,Fear,8245.623047,18009742607
10/8/2019,39,Fear,8228.783203,15592264032
10/9/2019,37,Fear,8595.740234,19384942333
10/10/2019,41,Fear,8586.473633,17618660671
10/11/2019,39,Fear,8321.756836,19604381101
10/12/2019,38,Fear,8336.555664,14532641605
10/13/2019,38,Fear,8321.005859,13808286059
10/14/2019,37,Fear,8374.686523,15151387859
10/15/2019,39,Fear,8205.369141,15220412632
10/16/2019,40,Fear,8047.526855,16071646996
10/17/2019,40,Fear,8103.911133,14313052244
10/18/2019,40,Fear,7973.20752,15651592610
10/19/2019,41,Fear,7988.560547,13797825640
10/20/2019,37,Fear,8222.078125,15504249442
10/21/2019,37,Fear,8243.720703,15868748866
10/22/2019,39,Fear,8078.203125,16803377857
10/23/2019,33,Fear,7514.671875,21942878958
10/24/2019,20,Extreme Fear,7493.48877,16268708849
10/25/2019,24,Extreme Fear,8660.700195,28705065488
10/26/2019,53,Neutral,9244.972656,44496255609
10/27/2019,50,Neutral,9551.714844,32593129501
10/28/2019,52,Neutral,9256.148438,30948255332
10/29/2019,54,Neutral,9427.6875,28426779937
10/30/2019,53,Neutral,9205.726563,27706531577
10/31/2019,50,Neutral,9199.584961,26583653947
11/1/2019,49,Neutral,9261.104492,24324691031
11/2/2019,51,Neutral,9324.717773,21242676385
11/3/2019,56,Greed,9235.354492,21132220847
11/4/2019,49,Neutral,9412.612305,26170255634
11/5/2019,54,Neutral,9342.527344,26198609048
11/6/2019,53,Neutral,9360.879883,23133895765
11/7/2019,54,Neutral,9267.561523,22700383839
11/8/2019,42,Fear,8804.880859,24333037836
11/9/2019,38,Fear,8813.582031,17578630606
11/10/2019,39,Fear,9055.526367,20587919881
11/11/2019,40,Fear,8757.788086,20265510765
11/12/2019,39,Fear,8815.662109,20309769107
11/13/2019,38,Fear,8808.262695,17545755405
11/14/2019,41,Fear,8708.094727,19084739975
11/15/2019,38,Fear,8491.992188,21796856471
11/16/2019,41,Fear,8550.760742,16495389808
11/17/2019,38,Fear,8577.975586,18668638897
11/18/2019,38,Fear,8309.286133,21579470673
11/19/2019,32,Fear,8206.145508,21083613816
11/20/2019,32,Fear,8027.268066,20764300437
11/21/2019,30,Fear,7642.75,22514243371
11/22/2019,20,Extreme Fear,7296.577637,34242315785
11/23/2019,23,Extreme Fear,7397.796875,21008924418
11/24/2019,21,Extreme Fear,7047.916992,30433517289
11/25/2019,17,Extreme Fear,7146.133789,42685231262
11/26/2019,21,Extreme Fear,7218.371094,21129505542
11/27/2019,20,Extreme Fear,7531.663574,23991412764
11/28/2019,32,Fear,7463.105957,19050116751
11/29/2019,31,Fear,7761.243652,19709695456
11/30/2019,38,Fear,7569.629883,17158194786
12/1/2019,25,Extreme Fear,7424.29248,18720708479
12/2/2019,28,Fear,7321.988281,17082040706
12/3/2019,28,Fear,7320.145508,14797485769
12/4/2019,24,Extreme Fear,7252.034668,21664240918
12/5/2019,21,Extreme Fear,7448.307617,18816085231
12/6/2019,29,Fear,7546.996582,18104466307
12/7/2019,32,Fear,7556.237793,15453520564
12/8/2019,28,Fear,7564.345215,15409908086
12/9/2019,32,Fear,7400.899414,17872021272
12/10/2019,26,Fear,7278.119629,18249031195
12/11/2019,20,Extreme Fear,7217.427246,16350490689
12/12/2019,23,Extreme Fear,7243.134277,18927080224
12/13/2019,22,Extreme Fear,7269.68457,17125736940
12/14/2019,27,Fear,7124.673828,17137029730
12/15/2019,21,Extreme Fear,7152.301758,16881129804
12/16/2019,24,Extreme Fear,6932.480469,20213265950
12/17/2019,23,Extreme Fear,6640.515137,22363804217
12/18/2019,15,Extreme Fear,7276.802734,31836522778
12/19/2019,21,Extreme Fear,7202.844238,25904604416
12/20/2019,23,Extreme Fear,7218.816406,22633815180
12/21/2019,23,Extreme Fear,7191.158691,19312552168
12/22/2019,20,Extreme Fear,7511.588867,23134537956
12/23/2019,33,Fear,7355.628418,27831788041
12/24/2019,25,Extreme Fear,7322.532227,22991622105
12/25/2019,22,Extreme Fear,7275.155762,21559505149
12/26/2019,39,Fear,7238.966797,22787010034
12/27/2019,38,Fear,7290.088379,22777360996
12/28/2019,37,Fear,7317.990234,21365673026
12/29/2019,37,Fear,7422.652832,22445257702
12/30/2019,40,Fear,7292.995117,22874131672
12/31/2019,38,Fear,7193.599121,21167946112
1/1/2020,37,Fear,7200.174316,18565664997
1/2/2020,39,Fear,6985.470215,20802083465
1/3/2020,38,Fear,7344.884277,28111481032
1/4/2020,38,Fear,7410.656738,18444271275
1/5/2020,39,Fear,7411.317383,19725074095
1/6/2020,41,Fear,7769.219238,23276261598
1/7/2020,40,Fear,8163.692383,28767291327
1/8/2020,51,Neutral,8079.862793,31672559265
1/9/2020,44,Fear,7879.071289,24045990466
1/10/2020,41,Fear,8166.554199,28714583844
1/11/2020,50,Neutral,8037.537598,25521165085
1/12/2020,45,Fear,8192.494141,22903438381
1/13/2020,49,Neutral,8144.194336,22482910688
1/14/2020,56,Greed,8827.764648,44841784107
1/15/2020,54,Neutral,8807.010742,40102834650
1/16/2020,55,Greed,8723.786133,31313981931
1/17/2020,54,Neutral,8929.038086,36372139320
1/18/2020,51,Neutral,8942.808594,32337772627
1/19/2020,53,Neutral,8706.245117,34217320471
1/20/2020,48,Neutral,8657.642578,26422375678
1/21/2020,49,Neutral,8745.894531,24097418512
1/22/2020,52,Neutral,8680.875977,22600204051
1/23/2020,49,Neutral,8406.515625,25770680779
1/24/2020,40,Fear,8445.43457,24397913026
1/25/2020,41,Fear,8367.847656,19647331549
1/26/2020,42,Fear,8596.830078,22177678796
1/27/2020,50,Neutral,8909.819336,28647338393
1/28/2020,54,Neutral,9358.589844,34398744403
1/29/2020,57,Greed,9316.629883,30682598115
1/30/2020,57,Greed,9508.993164,32378792851
1/31/2020,55,Greed,9350.529297,29432489719
2/1/2020,57,Greed,9392.875,25922656496
2/2/2020,57,Greed,9344.365234,30835736946
2/3/2020,59,Greed,9293.521484,30934096509
2/4/2020,56,Greed,9180.962891,29893183716
2/5/2020,53,Neutral,9613.423828,35222060874
2/6/2020,61,Greed,9729.801758,37628823716
2/7/2020,56,Greed,9795.943359,34522718159
2/8/2020,56,Greed,9865.119141,35172043762
2/9/2020,56,Greed,10116.67383,35807884663
2/10/2020,57,Greed,9856.611328,39386548075
2/11/2020,52,Neutral,10208.23633,37648059389
2/12/2020,61,Greed,10326.05469,43444303830
2/13/2020,65,Greed,10214.37988,49356071373
2/14/2020,63,Greed,10312.11621,43338264162
2/15/2020,64,Greed,9889.424805,43865054831
2/16/2020,59,Greed,9934.433594,43374780305
2/17/2020,49,Neutral,9690.142578,45998298413
2/18/2020,53,Neutral,10141.99609,47271023953
2/19/2020,50,Neutral,9633.386719,46992019710
2/20/2020,44,Fear,9608.475586,44925260237
2/21/2020,44,Fear,9686.441406,40930547513
2/22/2020,43,Fear,9663.181641,35838025154
2/23/2020,46,Fear,9924.515625,41185185761
2/24/2020,46,Fear,9650.174805,45080496648
2/25/2020,44,Fear,9341.705078,42515259129
2/26/2020,41,Fear,8820.522461,50420050762
2/27/2020,39,Fear,8784.494141,45470195695
2/28/2020,40,Fear,8672.455078,44605450443
2/29/2020,38,Fear,8599.508789,35792392544
3/1/2020,39,Fear,8562.454102,35349164300
3/2/2020,38,Fear,8869.669922,42857674409
3/3/2020,38,Fear,8787.786133,42386715821
3/4/2020,40,Fear,8755.246094,34746706368
3/5/2020,41,Fear,9078.762695,39698054597
3/6/2020,39,Fear,9122.545898,40826885651
3/7/2020,38,Fear,8909.954102,36216930370
3/8/2020,33,Fear,8108.116211,39973102121
3/9/2020,17,Extreme Fear,7923.644531,46936995808
3/10/2020,16,Extreme Fear,7909.729492,42213940994
3/11/2020,17,Extreme Fear,7911.430176,38682762605
3/12/2020,14,Extreme Fear,4970.788086,53980357243
3/13/2020,10,Extreme Fear,5563.707031,74156772075
3/14/2020,8,Extreme Fear,5200.366211,36154506008
3/15/2020,12,Extreme Fear,5392.314941,33997889639
3/16/2020,9,Extreme Fear,5014.47998,45368026430
3/17/2020,8,Extreme Fear,5225.629395,38622642935
3/18/2020,11,Extreme Fear,5238.438477,37878801016
3/19/2020,12,Extreme Fear,6191.192871,51000731797
3/20/2020,9,Extreme Fear,6198.77832,54442976103
3/21/2020,9,Extreme Fear,6185.066406,42494390880
3/22/2020,11,Extreme Fear,5830.254883,40099664740
3/23/2020,10,Extreme Fear,6416.314941,46491916000
3/24/2020,12,Extreme Fear,6734.803711,48221910672
3/25/2020,13,Extreme Fear,6681.062988,44590107888
3/26/2020,14,Extreme Fear,6716.44043,35319797642
3/27/2020,12,Extreme Fear,6469.79834,34585598367
3/28/2020,8,Extreme Fear,6242.193848,34885225901
3/29/2020,12,Extreme Fear,5922.042969,28373690931
3/30/2020,10,Extreme Fear,6429.841797,37101651525
3/31/2020,12,Extreme Fear,6438.644531,32786468812
4/1/2020,12,Extreme Fear,6606.776367,40346426266
4/2/2020,14,Extreme Fear,6793.624512,47660646124
4/3/2020,14,Extreme Fear,6733.387207,38976504903
4/4/2020,12,Extreme Fear,6867.527344,33185988584
4/5/2020,12,Extreme Fear,6791.129395,29510409856
4/6/2020,12,Extreme Fear,7271.78125,46896904615
4/7/2020,20,Extreme Fear,7176.414551,44243482668
4/8/2020,21,Extreme Fear,7334.098633,37563249549
4/9/2020,22,Extreme Fear,7302.089355,34815139178
4/10/2020,15,Extreme Fear,6865.493164,43622840992
4/11/2020,15,Extreme Fear,6859.083008,31222085946
4/12/2020,10,Extreme Fear,6971.091797,35759567632
4/13/2020,11,Extreme Fear,6845.037598,38619308647
4/14/2020,15,Extreme Fear,6842.427734,34110434052
4/15/2020,18,Extreme Fear,6642.109863,32288311031
4/16/2020,13,Extreme Fear,7116.804199,46783242377
4/17/2020,15,Extreme Fear,7096.18457,32513423567
4/18/2020,18,Extreme Fear,7257.665039,32447188386
4/19/2020,16,Extreme Fear,7189.424805,31311210215
4/20/2020,15,Extreme Fear,6881.958496,37747113936
4/21/2020,17,Extreme Fear,6880.323242,32589741511
4/22/2020,19,Extreme Fear,7117.20752,33249153866
4/23/2020,19,Extreme Fear,7429.724609,43500782316
4/24/2020,20,Extreme Fear,7550.900879,34636526286
4/25/2020,24,Extreme Fear,7569.936035,32941541447
4/26/2020,21,Extreme Fear,7679.867188,33070154491
4/27/2020,28,Fear,7795.601074,36162144725
4/28/2020,26,Fear,7807.058594,33187959921
4/29/2020,26,Fear,8801.038086,60201052203
4/30/2020,44,Fear,8658.553711,66964629541
5/1/2020,40,Fear,8864.766602,44068389997
5/2/2020,40,Fear,8988.59668,40134388683
5/3/2020,45,Fear,8897.46875,47101785174
5/4/2020,44,Fear,8912.654297,45718796276
5/5/2020,40,Fear,9003.070313,43148462663
5/6/2020,42,Fear,9268.761719,49371886931
5/7/2020,49,Neutral,9951.518555,61112700562
5/8/2020,55,Greed,9842.666016,51780748042
5/9/2020,56,Greed,9593.896484,46566121841
5/10/2020,48,Neutral,8756.430664,63325279337
5/11/2020,40,Fear,8601.795898,57119858802
5/12/2020,39,Fear,8804.477539,42142717533
5/13/2020,41,Fear,9269.987305,45558144023
5/14/2020,40,Fear,9733.72168,56426907637
5/15/2020,44,Fear,9328.197266,48158802327
5/16/2020,41,Fear,9377.013672,36164766408
5/17/2020,40,Fear,9670.739258,40084250663
5/18/2020,50,Neutral,9726.575195,41827139896
5/19/2020,50,Neutral,9729.038086,39254288955
5/20/2020,52,Neutral,9522.981445,36546239703
5/21/2020,49,Neutral,9081.761719,39326160532
5/22/2020,42,Fear,9182.577148,29810773699
5/23/2020,40,Fear,9209.287109,27727866812
5/24/2020,43,Fear,8790.368164,32518803300
5/25/2020,41,Fear,8906.93457,31288157264
5/26/2020,39,Fear,8835.052734,29584186947
5/27/2020,39,Fear,9181.017578,32740536902
5/28/2020,41,Fear,9525.750977,34367073114
5/29/2020,48,Neutral,9439.124023,32896642044
5/30/2020,48,Neutral,9700.414063,32722975141
5/31/2020,51,Neutral,9461.058594,27773290299
6/1/2020,50,Neutral,10167.26855,35198901068
6/2/2020,56,Greed,9529.803711,39137252109
6/3/2020,48,Neutral,9656.717773,25007459262
6/4/2020,54,Neutral,9800.636719,25921805072
6/5/2020,53,Neutral,9665.533203,23509628646
6/6/2020,54,Neutral,9653.679688,20438419222
6/7/2020,54,Neutral,9758.852539,25015250846
6/8/2020,53,Neutral,9771.489258,21486346312
6/9/2020,52,Neutral,9795.700195,23717842783
6/10/2020,54,Neutral,9870.094727,25706567601
6/11/2020,52,Neutral,9321.78125,30247143440
6/12/2020,38,Fear,9480.84375,22610564515
6/13/2020,38,Fear,9475.277344,17564322315
6/14/2020,40,Fear,9386.788086,18991732746
6/15/2020,37,Fear,9450.702148,26699704768
6/16/2020,39,Fear,9538.024414,21565537209
6/17/2020,38,Fear,9480.254883,20177709879
6/18/2020,40,Fear,9411.84082,17770083003
6/19/2020,39,Fear,9288.018555,19632223107
6/20/2020,38,Fear,9332.34082,17130541557
6/21/2020,37,Fear,9303.629883,15324301169
6/22/2020,38,Fear,9648.717773,21104009514
6/23/2020,41,Fear,9629.658203,17006433272
6/24/2020,50,Neutral,9313.610352,18961716076
6/25/2020,43,Fear,9264.813477,18616048626
6/26/2020,40,Fear,9162.917969,18341465837
6/27/2020,43,Fear,9045.390625,17273093144
6/28/2020,40,Fear,9143.582031,14560870760
6/29/2020,41,Fear,9190.854492,16460547078
6/30/2020,44,Fear,9137.993164,15735797744
7/1/2020,42,Fear,9228.325195,15971550355
7/2/2020,42,Fear,9123.410156,16338916796
7/3/2020,41,Fear,9087.303711,13078970999
7/4/2020,40,Fear,9132.488281,12290528515
7/5/2020,38,Fear,9073.942383,12903406143
7/6/2020,40,Fear,9375.474609,17889263252
7/7/2020,43,Fear,9252.277344,13839652595
7/8/2020,44,Fear,9428.333008,19702359883
7/9/2020,44,Fear,9277.967773,18000702524
7/10/2020,41,Fear,9278.807617,16860035605
7/11/2020,44,Fear,9240.34668,13249910444
7/12/2020,41,Fear,9276.5,14452361907
7/13/2020,43,Fear,9243.614258,17519821266
7/14/2020,43,Fear,9243.213867,18085038362
7/15/2020,44,Fear,9192.836914,15844731575
7/16/2020,43,Fear,9132.227539,15713967523
7/17/2020,41,Fear,9151.392578,13944570749
7/18/2020,44,Fear,9159.040039,12252601475
7/19/2020,41,Fear,9185.817383,12939002784
7/20/2020,44,Fear,9164.231445,13755604146
7/21/2020,44,Fear,9374.887695,18069581956
7/22/2020,50,Neutral,9525.363281,16532254884
7/23/2020,55,Greed,9581.072266,18146399002
7/24/2020,53,Neutral,9536.892578,16552768325
7/25/2020,55,Greed,9677.113281,16610070933
7/26/2020,55,Greed,9905.166992,20507998997
7/27/2020,58,Greed,10990.87305,35359749590
7/28/2020,76,Extreme Greed,10912.82324,28766551142
7/29/2020,71,Greed,11100.46777,24617249715
7/30/2020,76,Extreme Greed,11111.21387,22857247901
7/31/2020,75,Greed,11323.4668,23160469766
8/1/2020,75,Greed,11759.59277,26075670303
8/2/2020,80,Extreme Greed,11053.61426,27410067336
8/3/2020,75,Greed,11246.34863,20271713443
8/4/2020,72,Greed,11205.89258,21250197042
8/5/2020,75,Greed,11747.02246,24411254471
8/6/2020,79,Extreme Greed,11779.77344,23400740340
8/7/2020,77,Extreme Greed,11601.47266,23132312867
8/8/2020,77,Extreme Greed,11754.0459,17572057837
8/9/2020,79,Extreme Greed,11675.73926,17489608833
8/10/2020,78,Extreme Greed,11878.11133,26114112569
8/11/2020,84,Extreme Greed,11410.52539,27039782640
8/12/2020,75,Greed,11584.93457,25064548486
8/13/2020,75,Greed,11784.1377,27522199497
8/14/2020,78,Extreme Greed,11768.87109,24237958589
8/15/2020,79,Extreme Greed,11865.69824,23354924400
8/16/2020,82,Extreme Greed,11892.80371,20583375490
8/17/2020,83,Extreme Greed,12254.40234,28227687027
8/18/2020,82,Extreme Greed,11991.2334,26043227672
8/19/2020,80,Extreme Greed,11758.2832,24502851117
8/20/2020,75,Greed,11878.37207,20175242945
8/21/2020,81,Extreme Greed,11592.48926,23762425999
8/22/2020,78,Extreme Greed,11681.8252,20224191306
8/23/2020,76,Extreme Greed,11664.84766,18482062658
8/24/2020,78,Extreme Greed,11774.5957,20681511755
8/25/2020,75,Greed,11366.13477,26301509932
8/26/2020,76,Extreme Greed,11488.36328,22466660958
8/27/2020,75,Greed,11323.39746,23240415076
8/28/2020,74,Greed,11542.5,19807127588
8/29/2020,79,Extreme Greed,11506.86523,17485597759
8/30/2020,75,Greed,11711.50586,19760127945
8/31/2020,75,Greed,11680.82031,22285928250
9/1/2020,75,Greed,11970.47852,27311555343
9/2/2020,83,Extreme Greed,11414.03418,28037405299
9/3/2020,79,Extreme Greed,10245.29688,31927261555
9/4/2020,40,Fear,10511.81348,29965130374
9/5/2020,41,Fear,10169.56738,44916565292
9/6/2020,41,Fear,10280.35156,37071460174
9/7/2020,41,Fear,10369.56348,33703098409
9/8/2020,41,Fear,10131.5166,33430927462
9/9/2020,38,Fear,10242.34766,24128292755
9/10/2020,38,Fear,10363.13867,54406443211
9/11/2020,41,Fear,10400.91504,45201121775
9/12/2020,41,Fear,10442.1709,36750077324
9/13/2020,38,Fear,10323.75586,36506852789
9/14/2020,39,Fear,10680.83789,35453581940
9/15/2020,47,Neutral,10796.95117,32509451925
9/16/2020,43,Fear,10974.90527,30769986455
9/17/2020,48,Neutral,10948.99023,38151810523
9/18/2020,49,Neutral,10944.58594,26341903912
9/19/2020,48,Neutral,11094.34668,22764204008
9/20/2020,52,Neutral,10938.27148,24699523788
9/21/2020,48,Neutral,10462.25977,28884999244
9/22/2020,39,Fear,10538.45996,23621787804
9/23/2020,43,Fear,10246.18652,23788661867
9/24/2020,39,Fear,10760.06641,47144380902
9/25/2020,46,Fear,10692.7168,39348590957
9/26/2020,45,Fear,10750.72363,46852525493
9/27/2020,47,Neutral,10775.26953,53745972818
9/28/2020,43,Fear,10709.65234,47762394731
9/29/2020,45,Fear,10844.64063,46582396602
9/30/2020,49,Neutral,10784.49121,44171073700
10/1/2020,45,Fear,10619.45215,40023134100
10/2/2020,41,Fear,10575.97461,48661453918
10/3/2020,40,Fear,10549.3291,44660271563
10/4/2020,42,Fear,10669.58301,71251776995
10/5/2020,42,Fear,10793.33984,47537578009
10/6/2020,47,Neutral,10604.40625,42623695307
10/7/2020,43,Fear,10668.96875,37799458436
10/8/2020,46,Fear,10915.68555,63314794397
10/9/2020,48,Neutral,11064.45801,22799117613
10/10/2020,53,Neutral,11296.36133,22877978588
10/11/2020,55,Greed,11384.18164,19968627060
10/12/2020,52,Neutral,11555.36328,26163972642
10/13/2020,56,Greed,11425.89941,24241420251
10/14/2020,53,Neutral,11429.50684,24103426719
10/15/2020,56,Greed,11495.34961,24487233058
10/16/2020,52,Neutral,11322.12305,25635480772
10/17/2020,56,Greed,11358.10156,19130430174
10/18/2020,55,Greed,11483.35938,18283314340
10/19/2020,55,Greed,11742.03711,23860769928
10/20/2020,56,Greed,11916.33496,30915821592
10/21/2020,61,Greed,12823.68945,43414712626
10/22/2020,73,Greed,12965.8916,34729759598
10/23/2020,74,Greed,12931.53906,28974975003
10/24/2020,73,Greed,13108.0625,24542317940
10/25/2020,76,Extreme Greed,13031.17383,24406920575
10/26/2020,75,Greed,13075.24805,29461458313
10/27/2020,61,Greed,13654.21875,33749878156
10/28/2020,70,Greed,13271.28516,35867318895
10/29/2020,67,Greed,13437.88281,56499499598
10/30/2020,74,Greed,13546.52246,30581485201
10/31/2020,73,Greed,13780.99512,30306464719
11/1/2020,72,Greed,13737.10938,24453857900
11/2/2020,71,Greed,13550.48926,30771455468
11/3/2020,71,Greed,13950.30078,29869951617
11/4/2020,74,Greed,14133.70703,35116364962
11/5/2020,72,Greed,15579.84863,40856321439
11/6/2020,90,Extreme Greed,15565.88086,39837841971
11/7/2020,88,Extreme Greed,14833.75391,35024953706
11/8/2020,82,Extreme Greed,15479.56738,26632075029
11/9/2020,90,Extreme Greed,15332.31543,34149115566
11/10/2020,90,Extreme Greed,15290.90234,25574938143
11/11/2020,86,Extreme Greed,15701.33984,29772374934
11/12/2020,87,Extreme Greed,16276.34375,34175758344
11/13/2020,89,Extreme Greed,16317.80859,31599492172
11/14/2020,90,Extreme Greed,16068.13867,27481710135
11/15/2020,86,Extreme Greed,15955.58789,23653867583
11/16/2020,90,Extreme Greed,16716.11133,31526766675
11/17/2020,86,Extreme Greed,17645.40625,39006849170
11/18/2020,91,Extreme Greed,17804.00586,49064800278
11/19/2020,94,Extreme Greed,17817.08984,36985055355
11/20/2020,86,Extreme Greed,18621.31445,36992873940
11/21/2020,91,Extreme Greed,18642.23242,39650210707
11/22/2020,94,Extreme Greed,18370.00195,41280434226
11/23/2020,90,Extreme Greed,18364.12109,42741112308
11/24/2020,88,Extreme Greed,19107.46484,51469565009
11/25/2020,94,Extreme Greed,18732.12109,43710357371
11/26/2020,93,Extreme Greed,17150.62305,61396835737
11/27/2020,86,Extreme Greed,17108.40234,38886494645
11/28/2020,87,Extreme Greed,17717.41406,32601040734
11/29/2020,89,Extreme Greed,18177.48438,31133957704
11/30/2020,88,Extreme Greed,19625.83594,47728480399
12/1/2020,95,Extreme Greed,18802.99805,49633658712
12/2/2020,92,Extreme Greed,19201.0918,37387697139
12/3/2020,92,Extreme Greed,19445.39844,31930317405
12/4/2020,92,Extreme Greed,18699.76563,33872388058
12/5/2020,93,Extreme Greed,19154.23047,27242455064
12/6/2020,95,Extreme Greed,19345.12109,25293775714
12/7/2020,94,Extreme Greed,19191.63086,26896357742
12/8/2020,95,Extreme Greed,18321.14453,31692288756
12/9/2020,86,Extreme Greed,18553.91602,34420373071
12/10/2020,94,Extreme Greed,18264.99219,25547132265
12/11/2020,89,Extreme Greed,18058.9043,27919640985
12/12/2020,90,Extreme Greed,18803.65625,21752580802
12/13/2020,91,Extreme Greed,19142.38281,25450468637
12/14/2020,95,Extreme Greed,19246.64453,22473997681
12/15/2020,91,Extreme Greed,19417.07617,26741982541
12/16/2020,92,Extreme Greed,21310.59766,44409011479
12/17/2020,92,Extreme Greed,22805.16211,71378606374
12/18/2020,95,Extreme Greed,23137.96094,40387896275
12/19/2020,93,Extreme Greed,23869.83203,38487546580
12/20/2020,92,Extreme Greed,23477.29492,37844228422
12/21/2020,92,Extreme Greed,22803.08203,45852713981
12/22/2020,88,Extreme Greed,23783.0293,44171632681
12/23/2020,93,Extreme Greed,23241.3457,51146161904
12/24/2020,86,Extreme Greed,23735.94922,41080759713
12/25/2020,94,Extreme Greed,24664.79102,42068395846
12/26/2020,93,Extreme Greed,26437.03711,48332647295
12/27/2020,91,Extreme Greed,26272.29492,66479895605
12/28/2020,92,Extreme Greed,27084.80859,49056742893
12/29/2020,91,Extreme Greed,27362.4375,45265946774
12/30/2020,91,Extreme Greed,28840.95313,51287442704
12/31/2020,95,Extreme Greed,29001.7207,46754964848
1/1/2021,94,Extreme Greed,29374.15234,40730301359
1/2/2021,94,Extreme Greed,32127.26758,67865420765
1/3/2021,93,Extreme Greed,32782.02344,78665235202
1/4/2021,94,Extreme Greed,31971.91406,81163475344
1/5/2021,93,Extreme Greed,33992.42969,67547324782
1/6/2021,95,Extreme Greed,36824.36328,75289433811
1/7/2021,91,Extreme Greed,39371.04297,84762141031
1/8/2021,93,Extreme Greed,40797.60938,88107519480
1/9/2021,93,Extreme Greed,40254.54688,61984162837
1/10/2021,94,Extreme Greed,38356.44141,79980747690
1/11/2021,90,Extreme Greed,35566.65625,1.23E+11
1/12/2021,84,Extreme Greed,33922.96094,74773277909
1/13/2021,78,Extreme Greed,37316.35938,69364315979
1/14/2021,83,Extreme Greed,39187.32813,63615990033
1/15/2021,88,Extreme Greed,36825.36719,67760757881
1/16/2021,84,Extreme Greed,36178.14063,57706187875
1/17/2021,79,Extreme Greed,35791.27734,52359854336
1/18/2021,79,Extreme Greed,36630.07422,49511702429
1/19/2021,80,Extreme Greed,36069.80469,57244195486
1/20/2021,78,Extreme Greed,35547.75,66834573161
1/21/2021,75,Greed,30825.69922,75643067688
1/22/2021,40,Fear,33005.76172,77207272511
1/23/2021,74,Greed,32067.64258,48354737975
1/24/2021,70,Greed,32289.37891,48643830599
1/25/2021,74,Greed,32366.39258,59897054838
1/26/2021,71,Greed,32569.84961,60255421470
1/27/2021,78,Extreme Greed,30432.54688,62576762015
1/28/2021,55,Greed,33466.09766,76517157706
1/29/2021,77,Extreme Greed,34316.38672,1.18E+11
1/30/2021,76,Extreme Greed,34269.52344,65141828798
1/31/2021,78,Extreme Greed,33114.35938,52754542671
2/1/2021,77,Extreme Greed,33537.17578,61400400660
2/2/2021,76,Extreme Greed,35510.28906,63088585433
2/3/2021,78,Extreme Greed,37472.08984,61166818159
2/4/2021,80,Extreme Greed,36926.06641,68838074392
2/5/2021,81,Extreme Greed,38144.30859,58598066402
2/6/2021,84,Extreme Greed,39266.01172,71326033653
2/7/2021,86,Extreme Greed,38903.44141,65500641143
2/8/2021,83,Extreme Greed,46196.46484,1.01E+11
2/9/2021,95,Extreme Greed,46481.10547,91809846886
2/10/2021,92,Extreme Greed,44918.18359,87301089896
2/11/2021,93,Extreme Greed,47909.33203,81388911810
2/12/2021,92,Extreme Greed,47504.85156,76555041196
2/13/2021,92,Extreme Greed,47105.51563,70250456155
2/14/2021,95,Extreme Greed,48717.28906,71248675228
2/15/2021,93,Extreme Greed,47945.05859,77069903166
2/16/2021,95,Extreme Greed,49199.87109,77049582886
2/17/2021,95,Extreme Greed,52149.00781,80820545404
2/18/2021,91,Extreme Greed,51679.79688,52054723579
2/19/2021,93,Extreme Greed,55888.13281,63495496918
2/20/2021,91,Extreme Greed,56099.51953,68145460026
2/21/2021,91,Extreme Greed,57539.94531,51897585191
2/22/2021,94,Extreme Greed,54207.32031,92052420332
2/23/2021,94,Extreme Greed,48824.42578,1.06E+11
2/24/2021,76,Extreme Greed,49705.33203,63695521388
2/25/2021,79,Extreme Greed,47093.85156,54506565949
2/26/2021,55,Greed,46339.76172,3.51E+11
2/27/2021,56,Greed,46188.45313,45910946382
2/28/2021,55,Greed,45137.76953,53443887451
3/1/2021,38,Fear,49631.24219,53891300112
3/2/2021,78,Extreme Greed,48378.98828,47530897720
3/3/2021,78,Extreme Greed,50538.24219,53220811975
3/4/2021,84,Extreme Greed,48561.16797,52343816680
3/5/2021,77,Extreme Greed,48927.30469,48625928883
3/6/2021,77,Extreme Greed,48912.38281,34363564661
3/7/2021,76,Extreme Greed,51206.69141,43137459378
3/8/2021,81,Extreme Greed,52246.52344,48597428048
3/9/2021,81,Extreme Greed,54824.11719,50912227385
3/10/2021,68,Greed,56008.55078,57295577614
3/11/2021,73,Greed,57805.12109,56772343595
3/12/2021,70,Greed,57332.08984,55689944702
3/13/2021,74,Greed,61243.08594,60669829814
3/14/2021,78,Extreme Greed,59302.31641,43901225564
3/15/2021,76,Extreme Greed,55907.19922,66419369890
3/16/2021,71,Greed,56804.90234,59749798599
3/17/2021,71,Greed,58870.89453,60258313191
3/18/2021,72,Greed,57858.92188,55746041000
3/19/2021,71,Greed,58346.65234,49063873786
3/20/2021,75,Greed,58313.64453,50361731222
3/21/2021,73,Greed,57523.42188,51943414539
3/22/2021,70,Greed,54529.14453,56521454974
3/23/2021,66,Greed,54738.94531,56435023914
3/24/2021,65,Greed,52774.26563,70567223787
3/25/2021,60,Greed,51704.16016,67999812841
3/26/2021,54,Neutral,55137.3125,56652197978
3/27/2021,65,Greed,55973.51172,47266542233
3/28/2021,74,Greed,55950.74609,47686580918
3/29/2021,72,Greed,57750.19922,57625587027
3/30/2021,72,Greed,58917.69141,54414116432
3/31/2021,76,Extreme Greed,58918.83203,65520826225
4/1/2021,74,Greed,59095.80859,61669163792
4/2/2021,74,Greed,59384.3125,58727860620
4/3/2021,73,Greed,57603.89063,59641344484
4/4/2021,74,Greed,58758.55469,50749662970
4/5/2021,71,Greed,59057.87891,60706272115
4/6/2021,75,Greed,58192.35938,66058027988
4/7/2021,72,Greed,56048.9375,75645303584
4/8/2021,73,Greed,58323.95313,53053855641
4/9/2021,70,Greed,58245.00391,46655208546
4/10/2021,70,Greed,59793.23438,58238470525
4/11/2021,76,Extreme Greed,60204.96484,46280252580
4/12/2021,74,Greed,59893.45313,51828688519
4/13/2021,74,Greed,63503.45703,69983454362
4/14/2021,75,Greed,63109.69531,77451779687
4/15/2021,79,Extreme Greed,63314.01172,60954381579
4/16/2021,78,Extreme Greed,61572.78906,84293007468
4/17/2021,76,Extreme Greed,60683.82031,66138759198
4/18/2021,79,Extreme Greed,56216.18359,97468872758
4/19/2021,74,Greed,55724.26563,65344865159
4/20/2021,73,Greed,56473.03125,67849323955
4/21/2021,73,Greed,53906.08984,54926612466
4/22/2021,65,Greed,51762.27344,74798630778
4/23/2021,55,Greed,51093.65234,86668667320
4/24/2021,37,Fear,50050.86719,49014494781
4/25/2021,31,Fear,49004.25391,46117114240
4/26/2021,27,Fear,54021.75391,58284039825
4/27/2021,50,Neutral,55033.11719,49448222757
4/28/2021,59,Greed,54824.70313,48000572955
4/29/2021,52,Neutral,53555.10938,46088929780
4/30/2021,51,Neutral,57750.17578,52395931985
5/1/2021,68,Greed,57828.05078,42836427360
5/2/2021,66,Greed,56631.07813,38177405335
5/3/2021,61,Greed,57200.29297,51713139031
5/4/2021,68,Greed,53333.53906,68564706967
5/5/2021,48,Neutral,57424.00781,69241316747
5/6/2021,65,Greed,56396.51563,69523285106
5/7/2021,64,Greed,57356.40234,68434023376
5/8/2021,67,Greed,58803.77734,65382980634
5/9/2021,73,Greed,58232.31641,65906690347
5/10/2021,72,Greed,55859.79688,71776546298
5/11/2021,61,Greed,56704.57422,61308396325
5/12/2021,68,Greed,49150.53516,75215403907
5/13/2021,31,Fear,49716.19141,96721152926
5/14/2021,26,Fear,49880.53516,55737497453
5/15/2021,27,Fear,46760.1875,59161047474
5/16/2021,20,Extreme Fear,46456.05859,64047871555
5/17/2021,27,Fear,43537.51172,74903638450
5/18/2021,21,Extreme Fear,42909.40234,56187365084
5/19/2021,23,Extreme Fear,37002.44141,1.26E+11
5/20/2021,11,Extreme Fear,40782.73828,88281943359
5/21/2021,19,Extreme Fear,37304.69141,82051616861
5/22/2021,12,Extreme Fear,37536.63281,57377273240
5/23/2021,14,Extreme Fear,34770.58203,78469274361
5/24/2021,10,Extreme Fear,38705.98047,67359584098
5/25/2021,22,Extreme Fear,38402.22266,56211915803
5/26/2021,22,Extreme Fear,39294.19922,51346735160
5/27/2021,27,Fear,38436.96875,43210968721
5/28/2021,21,Extreme Fear,35697.60547,55200191952
5/29/2021,18,Extreme Fear,34616.06641,45231013335
5/30/2021,10,Extreme Fear,35678.12891,31646080921
5/31/2021,18,Extreme Fear,37332.85547,39009847639
6/1/2021,20,Extreme Fear,36684.92578,34639423297
6/2/2021,23,Extreme Fear,37575.17969,33070867190
6/3/2021,24,Extreme Fear,39208.76563,35460750427
6/4/2021,27,Fear,36894.40625,41831090187
6/5/2021,24,Extreme Fear,35551.95703,35959473399
6/6/2021,17,Extreme Fear,35862.37891,28913440585
6/7/2021,15,Extreme Fear,33560.70703,33683936663
6/8/2021,13,Extreme Fear,33472.63281,49902050442
6/9/2021,14,Extreme Fear,37345.12109,53972919008
6/10/2021,21,Extreme Fear,36702.59766,43576032854
6/11/2021,21,Extreme Fear,37334.39844,38699736985
6/12/2021,28,Fear,35552.51563,37924228550
6/13/2021,23,Extreme Fear,39097.85938,40669112838
6/14/2021,28,Fear,40218.47656,43148914673
6/15/2021,38,Fear,40406.26953,46420149185
6/16/2021,33,Fear,38347.0625,39211635100
6/17/2021,26,Fear,38053.50391,37096670047
6/18/2021,25,Extreme Fear,35787.24609,36200887275
6/19/2021,23,Extreme Fear,35615.87109,31207279719
6/20/2021,21,Extreme Fear,35698.29688,36664034054
6/21/2021,23,Extreme Fear,31676.69336,52809038594
6/22/2021,10,Extreme Fear,32505.66016,58964353058
6/23/2021,14,Extreme Fear,33723.02734,46317108925
6/24/2021,22,Extreme Fear,34662.4375,33123368116
6/25/2021,27,Fear,31637.7793,40230904226
6/26/2021,20,Extreme Fear,32186.27734,38585385521
6/27/2021,22,Extreme Fear,34649.64453,35511640894
6/28/2021,25,Extreme Fear,34434.33594,33892523752
6/29/2021,25,Extreme Fear,35867.77734,37901460044
6/30/2021,28,Fear,35040.83594,34059036099
7/1/2021,28,Fear,33572.11719,37838957079
7/2/2021,21,Extreme Fear,33897.04688,38728974942
7/3/2021,24,Extreme Fear,34668.54688,24383958643
7/4/2021,27,Fear,35287.78125,24924307911
7/5/2021,29,Fear,33746.00391,26721554282
7/6/2021,20,Extreme Fear,34235.19531,26501259870
7/7/2021,28,Fear,33855.32813,24796027477
7/8/2021,20,Extreme Fear,32877.37109,29910396946
7/9/2021,20,Extreme Fear,33798.01172,27436021028
7/10/2021,20,Extreme Fear,33520.51953,22971873468
7/11/2021,20,Extreme Fear,34240.1875,20108729370
7/12/2021,25,Extreme Fear,33155.84766,24321499537
7/13/2021,20,Extreme Fear,32702.02539,19120856669
7/14/2021,21,Extreme Fear,32822.34766,21376531210
7/15/2021,20,Extreme Fear,31780.73047,21300524237
7/16/2021,22,Extreme Fear,31421.53906,23699476918
7/17/2021,15,Extreme Fear,31533.06836,18895018942
7/18/2021,19,Extreme Fear,31796.81055,18787986667
7/19/2021,24,Extreme Fear,30817.83203,20434789545
7/20/2021,19,Extreme Fear,29807.34766,23148267245
7/21/2021,10,Extreme Fear,32110.69336,28203024559
7/22/2021,21,Extreme Fear,32313.10547,19555230518
7/23/2021,23,Extreme Fear,33581.55078,22552046192
7/24/2021,22,Extreme Fear,34292.44531,21664706865
7/25/2021,27,Fear,35350.1875,20856685287
7/26/2021,26,Fear,37337.53516,51022126212
7/27/2021,32,Fear,39406.94141,35097370560
7/28/2021,50,Neutral,39995.90625,38702404695
7/29/2021,50,Neutral,40008.42188,27167146027
7/30/2021,53,Neutral,42235.54688,33072782960
7/31/2021,60,Greed,41626.19531,25802845343
8/1/2021,60,Greed,39974.89453,26688438115
8/2/2021,48,Neutral,39201.94531,25595265436
8/3/2021,48,Neutral,38152.98047,26189830450
8/4/2021,42,Fear,39747.50391,25372562724
8/5/2021,50,Neutral,40869.55469,35185031017
8/6/2021,52,Neutral,42816.5,38226483046
8/7/2021,69,Greed,44555.80078,40030862141
8/8/2021,74,Greed,43798.11719,36302664750
8/9/2021,65,Greed,46365.40234,38734079049
8/10/2021,71,Greed,45585.03125,33546019517
8/11/2021,70,Greed,45593.63672,34319709073
8/12/2021,70,Greed,44428.28906,33723620826
8/13/2021,70,Greed,47793.32031,31744259539
8/14/2021,76,Extreme Greed,47096.94531,31211354442
8/15/2021,71,Greed,47047.00391,30988958446
8/16/2021,72,Greed,46004.48438,32776876610
8/17/2021,72,Greed,44695.35938,33451362600
8/18/2021,73,Greed,44801.1875,32194123075
8/19/2021,70,Greed,46717.57813,37204312299
8/20/2021,70,Greed,49339.17578,34706867452
8/21/2021,78,Extreme Greed,48905.49219,40585205312
8/22/2021,76,Extreme Greed,49321.65234,25370975378
8/23/2021,79,Extreme Greed,49546.14844,34305053719
8/24/2021,79,Extreme Greed,47706.11719,35361168834
8/25/2021,73,Greed,48960.78906,32646349931
8/26/2021,75,Greed,46942.21875,32666549568
8/27/2021,71,Greed,49058.66797,34511076995
8/28/2021,78,Extreme Greed,48902.40234,28568103401
8/29/2021,72,Greed,48829.83203,25889650240
8/30/2021,73,Greed,47054.98438,31847007016
8/31/2021,73,Greed,47166.6875,34730363427
9/1/2021,71,Greed,48847.02734,39139399125
9/2/2021,74,Greed,49327.72266,39508070319
9/3/2021,74,Greed,50025.375,43206179619
9/4/2021,72,Greed,49944.625,37471327794
9/5/2021,73,Greed,51753.41016,30322676319
9/6/2021,79,Extreme Greed,52633.53516,38884105426
9/7/2021,79,Extreme Greed,46811.12891,65210059683
9/8/2021,47,Neutral,46091.39063,49007762488
9/9/2021,45,Fear,46391.42188,38672657013
9/10/2021,46,Fear,44883.91016,39154666597
9/11/2021,31,Fear,45201.45703,34499835245
9/12/2021,32,Fear,46063.26953,27881980161
9/13/2021,44,Fear,44963.07422,40969943253
9/14/2021,30,Fear,47092.49219,38652152880
9/15/2021,49,Neutral,48176.34766,30484496466
9/16/2021,53,Neutral,47783.35938,31764293754
9/17/2021,48,Neutral,47267.51953,28727713711
9/18/2021,50,Neutral,48278.36328,28575630451
9/19/2021,53,Neutral,47260.21875,26967722648
9/20/2021,50,Neutral,42843.80078,43909845642
9/21/2021,27,Fear,40693.67578,48701090088
9/22/2021,21,Extreme Fear,43574.50781,38139709246
9/23/2021,27,Fear,44895.09766,34244064430
9/24/2021,33,Fear,42839.75,42839345714
9/25/2021,28,Fear,42716.59375,31604717236
9/26/2021,27,Fear,43208.53906,30661222077
9/27/2021,26,Fear,42235.73047,30980029059
9/28/2021,25,Extreme Fear,41034.54297,30214940550
9/29/2021,24,Extreme Fear,41564.36328,30602359905
9/30/2021,20,Extreme Fear,43790.89453,31141681925
10/1/2021,27,Fear,48116.94141,42850641582
10/2/2021,54,Neutral,47711.48828,30614346492
10/3/2021,49,Neutral,48199.95313,26638115879
10/4/2021,54,Neutral,49112.90234,33383173002
10/5/2021,59,Greed,51514.8125,35873904236
10/6/2021,68,Greed,55361.44922,49034730168
10/7/2021,76,Extreme Greed,53805.98438,36807860413
10/8/2021,74,Greed,53967.84766,34800873924
10/9/2021,72,Greed,54968.22266,32491211414
10/10/2021,71,Greed,54771.57813,39527792364
10/11/2021,71,Greed,57484.78906,42637331698
10/12/2021,78,Extreme Greed,56041.05859,41083758949
10/13/2021,70,Greed,57401.09766,41684252783
10/14/2021,70,Greed,57321.52344,36615791366
10/15/2021,71,Greed,61593.94922,51780081801
10/16/2021,78,Extreme Greed,60892.17969,34250964237
10/17/2021,79,Extreme Greed,61553.61719,29032367511
10/18/2021,78,Extreme Greed,62026.07813,38055562075
10/19/2021,75,Greed,64261.99219,40471196346
10/20/2021,82,Extreme Greed,65992.83594,40788955582
10/21/2021,84,Extreme Greed,62210.17188,45908121370
10/22/2021,75,Greed,60692.26563,38434082775
10/23/2021,74,Greed,61393.61719,26882546034
10/24/2021,73,Greed,60930.83594,27316183882
10/25/2021,72,Greed,63039.82422,31064911614
10/26/2021,76,Extreme Greed,60363.79297,34878965587
10/27/2021,73,Greed,58482.38672,43657076893
10/28/2021,66,Greed,60622.13672,45257083247
10/29/2021,70,Greed,62227.96484,36856881767
10/30/2021,73,Greed,61888.83203,32157938616
10/31/2021,74,Greed,61318.95703,32241199927
11/1/2021,74,Greed,61004.40625,36150572843
11/2/2021,73,Greed,63226.40234,37746665647
11/3/2021,76,Extreme Greed,62970.04688,36124731509
11/4/2021,73,Greed,61452.23047,32615846901
11/5/2021,73,Greed,61125.67578,30605102446
11/6/2021,71,Greed,61527.48047,29094934221
11/7/2021,73,Greed,63326.98828,24726754302
11/8/2021,75,Greed,67566.82813,41125608330
11/9/2021,84,Extreme Greed,66971.82813,42357991721
11/10/2021,75,Greed,64995.23047,48730828378
11/11/2021,77,Extreme Greed,64949.96094,35880633236
11/12/2021,74,Greed,64155.94141,36084893887
11/13/2021,72,Greed,64469.52734,30474228777
11/14/2021,74,Greed,65466.83984,25122092191
11/15/2021,72,Greed,63557.87109,30558763548
11/16/2021,71,Greed,60161.24609,46844335592
11/17/2021,52,Neutral,60368.01172,39178392930
11/18/2021,54,Neutral,56942.13672,41388338699
11/19/2021,34,Fear,58119.57813,38702407772
11/20/2021,43,Fear,59697.19531,30624264863
11/21/2021,49,Neutral,58730.47656,26123447605
11/22/2021,50,Neutral,56289.28906,35036121783
11/23/2021,33,Fear,57569.07422,37485803899
11/24/2021,42,Fear,56280.42578,36635566789
11/25/2021,32,Fear,57274.67969,34284016248
11/26/2021,47,Neutral,53569.76563,41810748221
11/27/2021,21,Extreme Fear,54815.07813,30560857714
11/28/2021,27,Fear,57248.45703,28116886357
11/29/2021,33,Fear,57806.56641,32370840356
11/30/2021,40,Fear,57005.42578,36708594618
12/1/2021,34,Fear,57229.82813,36858195307
12/2/2021,32,Fear,56477.81641,32379968686
12/3/2021,31,Fear,53598.24609,39789134215
12/4/2021,25,Extreme Fear,49200.70313,61385677469
12/5/2021,18,Extreme Fear,49368.84766,37198201161
12/6/2021,16,Extreme Fear,50582.625,37707308001
12/7/2021,25,Extreme Fear,50700.08594,33676814852
12/8/2021,28,Fear,50504.79688,28479699446
12/9/2021,29,Fear,47672.12109,29603577251
12/10/2021,24,Extreme Fear,47243.30469,30966005122
12/11/2021,16,Extreme Fear,49362.50781,25775869261
12/12/2021,27,Fear,50098.33594,21939223599
12/13/2021,28,Fear,46737.48047,32166727776
12/14/2021,21,Extreme Fear,46612.63281,34638619079
12/15/2021,28,Fear,48896.72266,36541828520
12/16/2021,29,Fear,47665.42578,27268150947
12/17/2021,23,Extreme Fear,46202.14453,32902725329
12/18/2021,24,Extreme Fear,46848.77734,26098292690
12/19/2021,29,Fear,46707.01563,25154053861
12/20/2021,25,Extreme Fear,46880.27734,30961902129
12/21/2021,27,Fear,48936.61328,27055803928
12/22/2021,45,Fear,48628.51172,24447979559
12/23/2021,34,Fear,50784.53906,28223878108
12/24/2021,41,Fear,50822.19531,24367912228
12/25/2021,39,Fear,50429.85938,19030650914
12/26/2021,37,Fear,50809.51563,20964372926
12/27/2021,40,Fear,50640.41797,24324345758
12/28/2021,41,Fear,47588.85547,33430376883
12/29/2021,27,Fear,46444.71094,30049226299
12/30/2021,22,Extreme Fear,47178.125,26686491018
12/31/2021,28,Fear,46306.44531,36974172400
1/1/2022,21,Extreme Fear,47686.8125,24582667004
1/2/2022,29,Fear,47345.21875,27951569547
1/3/2022,29,Fear,46458.11719,33071628362
1/4/2022,23,Extreme Fear,45897.57422,42494677905
1/5/2022,24,Extreme Fear,43569.00391,36851084859
1/6/2022,15,Extreme Fear,43160.92969,30208048289
1/7/2022,18,Extreme Fear,41557.90234,84196607520
1/8/2022,10,Extreme Fear,41733.94141,28066355845
1/9/2022,23,Extreme Fear,41911.60156,21294384372
1/10/2022,23,Extreme Fear,41821.26172,32104232331
1/11/2022,21,Extreme Fear,42735.85547,26327648900
1/12/2022,22,Extreme Fear,43949.10156,33499938689
1/13/2022,21,Extreme Fear,42591.57031,47691135082
1/14/2022,21,Extreme Fear,43099.69922,23577403399
1/15/2022,23,Extreme Fear,43177.39844,18371348298
1/16/2022,21,Extreme Fear,43113.87891,17902097845
1/17/2022,22,Extreme Fear,42250.55078,21690904261
1/18/2022,24,Extreme Fear,42375.63281,22417209227
1/19/2022,24,Extreme Fear,41744.32813,23091543258
1/20/2022,24,Extreme Fear,40680.41797,20382033940
1/21/2022,19,Extreme Fear,36457.31641,43011992031
1/22/2022,13,Extreme Fear,35030.25,39714385405
1/23/2022,11,Extreme Fear,36276.80469,26017975951
1/24/2022,13,Extreme Fear,36654.32813,41856658597
1/25/2022,12,Extreme Fear,36954.00391,26428189594
1/26/2022,23,Extreme Fear,36852.12109,31324598034
1/27/2022,20,Extreme Fear,37138.23438,25041426629
1/28/2022,24,Extreme Fear,37784.33203,22238830523
1/29/2022,24,Extreme Fear,38138.17969,17194183075
1/30/2022,29,Fear,37917.60156,14643548444
1/31/2022,20,Extreme Fear,38483.125,20734730465
2/1/2022,26,Fear,38743.27344,20288500328
2/2/2022,28,Fear,36952.98438,19155189416
2/3/2022,20,Extreme Fear,37154.60156,18591534769
2/4/2022,20,Extreme Fear,41500.875,29412210792
2/5/2022,33,Fear,41441.16406,19652846215
2/6/2022,37,Fear,42412.43359,16142097334
2/7/2022,45,Fear,43840.28516,28641855926
2/8/2022,48,Neutral,44118.44531,33079398868
2/9/2022,54,Neutral,44338.79688,23245887300
2/10/2022,50,Neutral,43565.11328,32142048537
2/11/2022,50,Neutral,42407.9375,26954925781
2/12/2022,44,Fear,42244.46875,18152390304
2/13/2022,44,Fear,42197.51563,14741589015
2/14/2022,46,Fear,42586.91797,20827783012
2/15/2022,46,Fear,44575.20313,22721659051
2/16/2022,51,Neutral,43961.85938,19792547657
2/17/2022,52,Neutral,40538.01172,26246662813
2/18/2022,30,Fear,40030.97656,23310007704
2/19/2022,25,Extreme Fear,40122.15625,13736557863
2/20/2022,27,Fear,38431.37891,18340576452
2/21/2022,25,Extreme Fear,37075.28125,29280402798
2/22/2022,20,Extreme Fear,38286.02734,25493150450
2/23/2022,25,Extreme Fear,37296.57031,21849073843
2/24/2022,23,Extreme Fear,38332.60938,46383802093
2/25/2022,27,Fear,39214.21875,26545599159
2/26/2022,26,Fear,39105.14844,17467554129
2/27/2022,26,Fear,37709.78516,23450127612
2/28/2022,20,Extreme Fear,43193.23438,35690014104
3/1/2022,51,Neutral,44354.63672,32479047645
3/2/2022,52,Neutral,43924.11719,29183112630
3/3/2022,39,Fear,42451.78906,24967782593
3/4/2022,33,Fear,39137.60547,28516271427
3/5/2022,22,Extreme Fear,39400.58594,16975917450
3/6/2022,22,Extreme Fear,38419.98438,19745229902
3/7/2022,23,Extreme Fear,38062.03906,28546143503
3/8/2022,21,Extreme Fear,38737.26953,25776583476
3/9/2022,22,Extreme Fear,41982.92578,32284121034
3/10/2022,28,Fear,39437.46094,31078064711
3/11/2022,22,Extreme Fear,38794.97266,26364890465
3/12/2022,22,Extreme Fear,38904.01172,14616450657
3/13/2022,21,Extreme Fear,37849.66406,17300745310
3/14/2022,23,Extreme Fear,39666.75391,24322159070
3/15/2022,21,Extreme Fear,39338.78516,23934000868
3/16/2022,24,Extreme Fear,41143.92969,39616916192
3/17/2022,27,Fear,40951.37891,22009601093
3/18/2022,25,Extreme Fear,41801.15625,34421564942
3/19/2022,28,Fear,42190.65234,19664853187
3/20/2022,31,Fear,41247.82422,20127946682
3/21/2022,30,Fear,41077.99609,24615543271
3/22/2022,26,Fear,42358.80859,32004652376
3/23/2022,31,Fear,42892.95703,25242943069
3/24/2022,40,Fear,43960.93359,31042992291
3/25/2022,47,Neutral,44348.73047,30574413034
3/26/2022,51,Neutral,44500.82813,16950455995
3/27/2022,49,Neutral,46820.49219,28160889722
3/28/2022,60,Greed,47128.00391,36362175703
3/29/2022,56,Greed,47465.73047,31397059069
3/30/2022,55,Greed,47062.66406,29333883962
3/31/2022,52,Neutral,45538.67578,33327427106
4/1/2022,50,Neutral,46281.64453,38162644287
4/2/2022,52,Neutral,45868.94922,29336594194
4/3/2022,48,Neutral,46453.56641,25414397610
4/4/2022,52,Neutral,46622.67578,32499785455
4/5/2022,53,Neutral,45555.99219,29640604055
4/6/2022,48,Neutral,43206.73828,39393395788
4/7/2022,34,Fear,43503.84766,26101973106
4/8/2022,37,Fear,42287.66406,27215995394
4/9/2022,30,Fear,42782.13672,16050772496
4/10/2022,34,Fear,42207.67188,17654475582
4/11/2022,32,Fear,39521.90234,33949912166
4/12/2022,20,Extreme Fear,40127.18359,30991500854
4/13/2022,25,Extreme Fear,41166.73047,27691105228
4/14/2022,28,Fear,39935.51563,24342001973
4/15/2022,22,Extreme Fear,40553.46484,21756855753
4/16/2022,28,Fear,40424.48438,16833150693
4/17/2022,28,Fear,39716.95313,19087633042
4/18/2022,24,Extreme Fear,40826.21484,33705182072
4/19/2022,27,Fear,41502.75,25303206547
4/20/2022,27,Fear,41374.37891,27819532341
4/21/2022,27,Fear,40527.36328,35372786395
4/22/2022,26,Fear,39740.32031,28011716745
4/23/2022,24,Extreme Fear,39486.73047,16138021249
4/24/2022,24,Extreme Fear,39469.29297,17964398167
4/25/2022,23,Extreme Fear,40458.30859,35445730570
4/26/2022,27,Fear,38117.46094,34569088416
4/27/2022,21,Extreme Fear,39241.12109,30981015184
4/28/2022,24,Extreme Fear,39773.82813,33903704907
4/29/2022,23,Extreme Fear,38609.82422,30882994649
4/30/2022,20,Extreme Fear,37714.875,23895713731
5/1/2022,22,Extreme Fear,38469.09375,27002760110
5/2/2022,28,Fear,38529.32813,32922642426
5/3/2022,27,Fear,37750.45313,27326943244
5/4/2022,21,Extreme Fear,39698.37109,36754404490
5/5/2022,27,Fear,36575.14063,43106256317
5/6/2022,22,Extreme Fear,36040.92188,37795577489
5/7/2022,23,Extreme Fear,35501.95313,24375896406
5/8/2022,18,Extreme Fear,34059.26563,36763041910
5/9/2022,11,Extreme Fear,30296.95313,63355494961
5/10/2022,10,Extreme Fear,31022.90625,59811038817
5/11/2022,12,Extreme Fear,28936.35547,70388855818
5/12/2022,12,Extreme Fear,29047.75195,66989173272
5/13/2022,10,Extreme Fear,29283.10352,42841124537
5/14/2022,9,Extreme Fear,30101.26563,28579868620
5/15/2022,10,Extreme Fear,31305.11328,25835372065
5/16/2022,14,Extreme Fear,29862.91797,32613897286
5/17/2022,8,Extreme Fear,30425.85742,29101473475
5/18/2022,12,Extreme Fear,28720.27148,31285268319
5/19/2022,13,Extreme Fear,30314.33398,33773447707
5/20/2022,13,Extreme Fear,29200.74023,30749382605
5/21/2022,13,Extreme Fear,29432.22656,17274840442
5/22/2022,14,Extreme Fear,30323.72266,21631532270
5/23/2022,10,Extreme Fear,29098.91016,31483454557
5/24/2022,12,Extreme Fear,29655.58594,26616506245
5/25/2022,11,Extreme Fear,29562.36133,27525063551
5/26/2022,12,Extreme Fear,29267.22461,36774325352
5/27/2022,12,Extreme Fear,28627.57422,36582005748
5/28/2022,13,Extreme Fear,28814.90039,35519577634
5/29/2022,14,Extreme Fear,29445.95703,18093886409
5/30/2022,10,Extreme Fear,31726.39063,39277993274
5/31/2022,16,Extreme Fear,31792.31055,33538210634
6/1/2022,17,Extreme Fear,29799.08008,41135817341
6/2/2022,13,Extreme Fear,30467.48828,29083562061
6/3/2022,10,Extreme Fear,29704.39063,26175547452
6/4/2022,14,Extreme Fear,29832.91406,16588370958
6/5/2022,10,Extreme Fear,29906.66211,17264085441
6/6/2022,13,Extreme Fear,31370.67188,31947336829
6/7/2022,15,Extreme Fear,31155.47852,40770974039
6/8/2022,17,Extreme Fear,30214.35547,30242059107
6/9/2022,11,Extreme Fear,30111.99805,21692004719
6/10/2022,13,Extreme Fear,29083.80469,29867476527
6/11/2022,12,Extreme Fear,28360.81055,27246574439
6/12/2022,14,Extreme Fear,26762.64844,34163220274
6/13/2022,11,Extreme Fear,22487.38867,68204556440
6/14/2022,8,Extreme Fear,22206.79297,50913575242
6/15/2022,7,Extreme Fear,22572.83984,54912007015
6/16/2022,7,Extreme Fear,20381.65039,31183975654
6/17/2022,9,Extreme Fear,20471.48242,27132421514
6/18/2022,6,Extreme Fear,19017.64258,42009436760
6/19/2022,6,Extreme Fear,20553.27148,35329942625
6/20/2022,9,Extreme Fear,20599.53711,30818458597
6/21/2022,9,Extreme Fear,20710.59766,28970212744
6/22/2022,11,Extreme Fear,19987.0293,28574793478
6/23/2022,11,Extreme Fear,21085.87695,26188097173
6/24/2022,11,Extreme Fear,21231.65625,24957784918
6/25/2022,14,Extreme Fear,21502.33789,18372538715
6/26/2022,14,Extreme Fear,21027.29492,18027170497
6/27/2022,12,Extreme Fear,20735.47852,20965695707
6/28/2022,10,Extreme Fear,20280.63477,21381535161
6/29/2022,13,Extreme Fear,20104.02344,23552740328
6/30/2022,11,Extreme Fear,19784.72656,26267239923
7/1/2022,11,Extreme Fear,19269.36719,30767551159
7/2/2022,14,Extreme Fear,19242.25586,18100418740
7/3/2022,11,Extreme Fear,19297.07617,16390821947
7/4/2022,14,Extreme Fear,20231.26172,21594638208
7/5/2022,19,Extreme Fear,20190.11523,26715546990
7/6/2022,18,Extreme Fear,20548.24609,24598943708
7/7/2022,18,Extreme Fear,21637.58789,25814972520
7/8/2022,20,Extreme Fear,21731.11719,49899834488
7/9/2022,24,Extreme Fear,21592.20703,29641127858
7/10/2022,24,Extreme Fear,20860.44922,28688807249
7/11/2022,22,Extreme Fear,19970.55664,24150249025
7/12/2022,16,Extreme Fear,19323.91406,25810220018
7/13/2022,15,Extreme Fear,20212.07422,33042430345
7/14/2022,18,Extreme Fear,20569.91992,31158743333
7/15/2022,15,Extreme Fear,20836.32813,25905575359
7/16/2022,21,Extreme Fear,21190.31641,24302954056
7/17/2022,24,Extreme Fear,20779.34375,22927802083
7/18/2022,20,Extreme Fear,22485.68945,39974475562
7/19/2022,30,Fear,23389.43359,48765202697
7/20/2022,31,Fear,23231.73242,42932549127
7/21/2022,34,Fear,23164.62891,33631012204
7/22/2022,33,Fear,22714.97852,31421555646
7/23/2022,31,Fear,22465.47852,24021799169
7/24/2022,30,Fear,22609.16406,23565495303
7/25/2022,30,Fear,21361.70117,35574561406
7/26/2022,26,Fear,21239.75391,28624673855
7/27/2022,28,Fear,22930.54883,31758955233
7/28/2022,32,Fear,23843.88672,40212386158
7/29/2022,39,Fear,23804.63281,35887249746
7/30/2022,42,Fear,23656.20703,28148218301
7/31/2022,39,Fear,23336.89648,23553591896
8/1/2022,33,Fear,23314.19922,25849159141
8/2/2022,31,Fear,22978.11719,28389250717
8/3/2022,34,Fear,22846.50781,26288169966
8/4/2022,30,Fear,22630.95703,25120229769
8/5/2022,31,Fear,23289.31445,28881249043
8/6/2022,31,Fear,22961.2793,15978259885
8/7/2022,30,Fear,23175.89063,15886817043
8/8/2022,30,Fear,23809.48633,28575544847
8/9/2022,42,Fear,23164.31836,23555719219
8/10/2022,31,Fear,23947.64258,32837431722
8/11/2022,41,Fear,23957.5293,37127036580
8/12/2022,42,Fear,24402.81836,27265804688
8/13/2022,46,Fear,24424.06836,22987346289
8/14/2022,47,Neutral,24319.33398,22994133555
8/15/2022,45,Fear,24136.97266,35123501685
8/16/2022,44,Fear,23883.29102,27753685646
8/17/2022,41,Fear,23335.99805,30931623076
8/18/2022,30,Fear,23212.73828,23747613147
8/19/2022,33,Fear,20877.55273,40509610260
8/20/2022,29,Fear,21166.06055,27595671000
8/21/2022,27,Fear,21534.12109,23102307723
8/22/2022,29,Fear,21398.9082,31666498758
8/23/2022,28,Fear,21528.08789,31878280659
8/24/2022,25,Extreme Fear,21395.01953,31962253368
8/25/2022,25,Extreme Fear,21600.9043,31028679593
8/26/2022,27,Fear,20260.01953,42326789564
8/27/2022,28,Fear,20041.73828,30116729776
8/28/2022,28,Fear,19616.81445,24366810591
8/29/2022,24,Extreme Fear,20297.99414,32637854078
8/30/2022,27,Fear,19796.80859,34483360283
8/31/2022,23,Extreme Fear,20049.76367,33225232872
9/1/2022,20,Extreme Fear,20127.14063,30182031010
9/2/2022,25,Extreme Fear,19969.77148,29123998928
9/3/2022,21,Extreme Fear,19832.08789,23613051457
9/4/2022,20,Extreme Fear,19986.71289,25245861652
9/5/2022,23,Extreme Fear,19812.37109,28813460025
9/6/2022,22,Extreme Fear,18837.66797,43403978910
9/7/2022,24,Extreme Fear,19290.32422,35239757134
9/8/2022,20,Extreme Fear,19329.83398,32194477850
9/9/2022,22,Extreme Fear,21381.15234,48469528171
9/10/2022,28,Fear,21680.53906,36913738894
9/11/2022,26,Fear,21769.25586,34493951963
9/12/2022,25,Extreme Fear,22370.44922,50212088965
9/13/2022,34,Fear,20296.70703,51091116622
9/14/2022,27,Fear,20241.08984,37872380889
9/15/2022,28,Fear,19701.21094,36389011503
9/16/2022,20,Extreme Fear,19772.58398,30123362273
9/17/2022,22,Extreme Fear,20127.57617,24957448100
9/18/2022,27,Fear,19419.50586,31254779144
9/19/2022,21,Extreme Fear,19544.12891,40177002624
9/20/2022,23,Extreme Fear,18890.78906,36791346508
9/21/2022,23,Extreme Fear,18547.40039,46363793975
9/22/2022,22,Extreme Fear,19413.55078,41135767926
9/23/2022,20,Extreme Fear,19297.63867,38896078052
9/24/2022,24,Extreme Fear,18937.01172,26149643168
9/25/2022,24,Extreme Fear,18802.09766,23359966112
9/26/2022,21,Extreme Fear,19222.67188,44148798321
9/27/2022,20,Extreme Fear,19110.54688,58571439619
9/28/2022,20,Extreme Fear,19426.7207,53071298734
9/29/2022,22,Extreme Fear,19573.05078,41037843771
9/30/2022,21,Extreme Fear,19431.78906,43975248085
10/1/2022,20,Extreme Fear,19312.0957,18719537670
10/2/2022,24,Extreme Fear,19044.10742,20765955327
10/3/2022,24,Extreme Fear,19623.58008,30484729489
10/4/2022,20,Extreme Fear,20336.84375,35887278685
10/5/2022,25,Extreme Fear,20160.7168,33223790572
10/6/2022,26,Fear,19955.44336,34711412966
10/7/2022,23,Extreme Fear,19546.84961,29227315390
10/8/2022,24,Extreme Fear,19416.56836,16437423167
10/9/2022,22,Extreme Fear,19446.42578,16837262532
10/10/2022,22,Extreme Fear,19141.48438,27425022774
10/11/2022,24,Extreme Fear,19051.41797,28711532910
10/12/2022,20,Extreme Fear,19157.44531,24950173846
10/13/2022,20,Extreme Fear,19382.9043,44219840004
10/14/2022,24,Extreme Fear,19185.65625,38452356727
10/15/2022,24,Extreme Fear,19067.63477,16192235532
10/16/2022,24,Extreme Fear,19268.09375,17988916650
10/17/2022,20,Extreme Fear,19550.75781,27472552998
10/18/2022,22,Extreme Fear,19334.41602,30580012344
10/19/2022,23,Extreme Fear,19139.53516,22425387184
10/20/2022,23,Extreme Fear,19053.74023,24493974420
10/21/2022,23,Extreme Fear,19172.46875,32459287866
10/22/2022,20,Extreme Fear,19208.18945,16104440957
10/23/2022,23,Extreme Fear,19567.00781,22128794335
10/24/2022,22,Extreme Fear,19345.57227,30202235805
10/25/2022,20,Extreme Fear,20095.85742,47761524910
10/26/2022,33,Fear,20770.44141,58895950537
10/27/2022,32,Fear,20285.83594,49625110402
10/28/2022,30,Fear,20595.35156,43994715910
10/29/2022,34,Fear,20818.47656,40369840645
10/30/2022,34,Fear,20635.60352,31486345556
10/31/2022,31,Fear,20495.77344,45668466815
11/1/2022,30,Fear,20485.27344,39819303159
11/2/2022,30,Fear,20159.50391,55552169483
11/3/2022,30,Fear,20209.98828,43228750179
11/4/2022,30,Fear,21147.23047,64072727950
11/5/2022,38,Fear,21282.69141,37846047609
11/6/2022,40,Fear,20926.48633,35082693210
11/7/2022,33,Fear,20602.81641,53510852236
11/8/2022,31,Fear,18541.27148,1.19E+11
11/9/2022,29,Fear,15880.78027,1.03E+11
11/10/2022,22,Extreme Fear,17586.77148,83202283721
11/11/2022,25,Extreme Fear,17034.29297,55871616488
11/12/2022,21,Extreme Fear,16799.18555,29717699419
11/13/2022,22,Extreme Fear,16353.36523,27209183682
11/14/2022,24,Extreme Fear,16618.19922,49630243054
11/15/2022,22,Extreme Fear,16884.61328,36599436183
11/16/2022,23,Extreme Fear,16669.43945,33925512989
11/17/2022,20,Extreme Fear,16687.51758,27868914022
11/18/2022,23,Extreme Fear,16697.77734,26862218609
11/19/2022,23,Extreme Fear,16711.54688,16106223492
11/20/2022,24,Extreme Fear,16291.83203,21313378652
11/21/2022,21,Extreme Fear,15787.28418,37429485518
11/22/2022,22,Extreme Fear,16189.76953,30726828760
11/23/2022,22,Extreme Fear,16610.70703,32958875628
11/24/2022,20,Extreme Fear,16604.46484,26129037414
11/25/2022,20,Extreme Fear,16521.8418,18678255976
11/26/2022,22,Extreme Fear,16464.28125,18000008764
11/27/2022,26,Fear,16444.62695,20443898509
11/28/2022,28,Fear,16217.32227,27743025156
11/29/2022,26,Fear,16444.98242,23581685468
11/30/2022,29,Fear,17168.56641,29523576583
12/1/2022,27,Fear,16967.13281,22895392882
12/2/2022,27,Fear,17088.66016,19539705127
12/3/2022,27,Fear,16908.23633,16217776704
12/4/2022,26,Fear,17130.48633,16824520830
12/5/2022,26,Fear,16974.82617,22209086834
12/6/2022,25,Extreme Fear,17089.50391,19889922369
12/7/2022,29,Fear,16848.12695,19675404389
12/8/2022,25,Extreme Fear,17233.47461,20496603770
12/9/2022,26,Fear,17133.15234,20328426366
12/10/2022,27,Fear,17128.72461,12706781969
12/11/2022,26,Fear,17104.19336,14122486832
12/12/2022,27,Fear,17206.4375,19617581341
12/13/2022,27,Fear,17781.31836,26634741631
12/14/2022,30,Fear,17815.65039,25534481470
12/15/2022,31,Fear,17364.86523,20964448341
12/16/2022,29,Fear,16647.48438,24031608960
12/17/2022,28,Fear,16795.0918,14463581825
12/18/2022,26,Fear,16757.97656,10924354698
12/19/2022,29,Fear,16439.67969,17221074814
12/20/2022,29,Fear,16906.30469,22722096615
12/21/2022,26,Fear,16817.53516,14882945045
12/22/2022,28,Fear,16830.3418,16441573050
12/23/2022,27,Fear,16796.95313,15329265213
12/24/2022,29,Fear,16847.75586,9744636213
12/25/2022,29,Fear,16841.98633,11656379938
12/26/2022,28,Fear,16919.80469,11886957804
12/27/2022,27,Fear,16717.17383,15748580239
12/28/2022,28,Fear,16552.57227,17005713920
12/29/2022,28,Fear,16642.3418,14472237479
12/30/2022,28,Fear,16602.58594,15929162910
12/31/2022,25,Extreme Fear,16547.49609,11239186456
1/1/2023,26,Fear,16625.08008,9244361700
1/2/2023,27,Fear,16688.4707,12097775227
1/3/2023,26,Fear,16679.85742,13903079207
1/4/2023,29,Fear,16863.23828,18421743322
1/5/2023,29,Fear,16836.73633,13692758566
1/6/2023,26,Fear,16951.96875,14413662913
1/7/2023,25,Extreme Fear,16955.07813,7714767174
1/8/2023,25,Extreme Fear,17091.14453,9768827914
1/9/2023,25,Extreme Fear,17196.55469,18624736866
1/10/2023,26,Fear,17446.29297,15808338949
1/11/2023,26,Fear,17934.89648,18372283782
1/12/2023,30,Fear,18869.58789,34971338710
1/13/2023,31,Fear,19909.57422,29225029694
1/14/2023,46,Fear,20976.29883,38967784639
1/15/2023,52,Neutral,20880.79883,19298407543
1/16/2023,45,Fear,21169.63281,26792494050
1/17/2023,51,Neutral,21161.51953,24999983362
1/18/2023,52,Neutral,20688.78125,30005625418
1/19/2023,45,Fear,21086.79297,21152848261
1/20/2023,51,Neutral,22676.55273,28799154319
1/21/2023,53,Neutral,22777.625,32442278429
1/22/2023,53,Neutral,22720.41602,24746386230
1/23/2023,50,Neutral,22934.43164,26518700512
1/24/2023,52,Neutral,22636.46875,26405069715
1/25/2023,51,Neutral,23117.85938,30685366709
1/26/2023,54,Neutral,23032.77734,26357839322
1/27/2023,55,Greed,23078.72852,25383335641
1/28/2023,52,Neutral,23031.08984,14712928379
1/29/2023,55,Greed,23774.56641,27423687259
1/30/2023,61,Greed,22840.13867,27205595568
1/31/2023,51,Neutral,23139.2832,22837828665
2/1/2023,56,Greed,23723.76953,26683255504
2/2/2023,60,Greed,23471.87109,32066936882
2/3/2023,60,Greed,23449.32227,27083066007
2/4/2023,58,Greed,23331.84766,15639298538
2/5/2023,58,Greed,22955.66602,19564262605
2/6/2023,56,Greed,22760.10938,23825006542
2/7/2023,54,Neutral,23264.29102,27187964471
2/8/2023,58,Greed,22939.39844,25371367758
2/9/2023,55,Greed,21819.03906,32572572185
2/10/2023,48,Neutral,21651.18359,27078406594
2/11/2023,49,Neutral,21870.875,16356226232
2/12/2023,50,Neutral,21788.20313,17821046406
2/13/2023,48,Neutral,21808.10156,23918742607
2/14/2023,50,Neutral,22220.80469,26792596581
2/15/2023,53,Neutral,24307.8418,32483312909
2/16/2023,62,Greed,23623.47461,39316664596
2/17/2023,61,Greed,24565.60156,41358451255
2/18/2023,60,Greed,24641.27734,19625427158
2/19/2023,60,Greed,24327.64258,25555105670
2/20/2023,58,Greed,24829.14844,28987376573
2/21/2023,60,Greed,24436.35352,31252098714
2/22/2023,59,Greed,24188.84375,30199996781
2/23/2023,56,Greed,23947.49219,30476264066
2/24/2023,53,Neutral,23198.12695,26811744928
2/25/2023,52,Neutral,23175.375,16100721565
2/26/2023,51,Neutral,23561.21289,16644534842
2/27/2023,50,Neutral,23522.87109,22660763494
2/28/2023,53,Neutral,23147.35352,20535363434
3/1/2023,50,Neutral,23646.55078,24662841200
3/2/2023,51,Neutral,23475.4668,20386398516
3/3/2023,50,Neutral,22362.67969,26062404610
3/4/2023,50,Neutral,22353.34961,11166012913
3/5/2023,47,Neutral,22435.51367,13317001733
3/6/2023,48,Neutral,22429.75781,17353192895
3/7/2023,49,Neutral,22219.76953,22765452204
3/8/2023,50,Neutral,21718.08008,22536575684
3/9/2023,44,Fear,20363.02148,30364664171
3/10/2023,34,Fear,20187.24414,39578257695
3/11/2023,33,Fear,20632.41016,30180288176
3/12/2023,33,Fear,22163.94922,29279035521
3/13/2023,49,Neutral,24197.5332,49466362688
3/14/2023,56,Greed,24746.07422,54622230164
3/15/2023,50,Neutral,24375.96094,43655701450
3/16/2023,52,Neutral,25052.78906,33866061747
3/17/2023,51,Neutral,27423.92969,50730261335
3/18/2023,64,Greed,26965.87891,35723036817
3/19/2023,63,Greed,28038.67578,37769448859
3/20/2023,66,Greed,27767.23633,44774027664
3/21/2023,68,Greed,28175.81641,36102192830
3/22/2023,62,Greed,27307.4375,33382021890
3/23/2023,57,Greed,28333.97266,24220433689
3/24/2023,61,Greed,27493.28516,25980310960
3/25/2023,64,Greed,27494.70703,13383005987
3/26/2023,64,Greed,27994.33008,13878363192
3/27/2023,64,Greed,27139.88867,18188895178
3/28/2023,59,Greed,27268.13086,17783600385
3/29/2023,57,Greed,28348.44141,20684945906
3/30/2023,60,Greed,28033.5625,22435349951
3/31/2023,63,Greed,28478.48438,19001327598
